Datum,Aktive Faelle,Genesene,Todesfaelle,bestaetigte Faelle kumulativ,7-Tages-Inzidenz,Anzahl in Krankenh√§usern,davon auf Intensivstationen,Abstriche Mobil,Abstriche MEH Diagnosepraxis,Abstriche MEH Drive-in,Abstriche Diagnostikzentrum,Abstriche Sonstige,Abstriche gesamt,haeusliche Quarantaene,Impfungen gesamt
17.03.2020,,,,,,,,15,,,88,,103,,
18.03.2020,169,,1,170,,10,5,,,,,,0,300,
19.03.2020,198,,1,199,,16,7,4,0,0,97,0,101,350,
20.03.2020,202,,1,203,,20,7,7,0,0,66,0,73,350,
21.03.2020,260,,2,262,,22,7,1,0,0,36,0,37,375,
22.03.2020,280,,2,282,,23,7,17,0,0,0,0,17,425,
23.03.2020,248,4,2,254,,26,8,14,0,0,116,0,130,375,
24.03.2020,267,6,2,275,,27,8,14,0,0,113,0,127,400,
25.03.2020,284,6,2,292,,37,12,19,0,79,113,0,211,347,
26.03.2020,283,35,2,320,,46,14,18,0,69,144,0,231,442,
27.03.2020,303,37,2,342,,56,18,39,0,134,86,0,259,493,
28.03.2020,307,52,2,361,,56,22,39,0,55,59,0,153,510,
29.03.2020,325,54,3,382,,64,25,22,0,0,0,0,22,536,
30.03.2020,317,107,4,428,,65,24,22,0,116,110,0,248,490,
31.03.2020,358,107,4,469,,66,27,47,0,142,74,0,263,461,
01.04.2020,323,171,4,498,,71,33,47,0,164,52,0,263,418,
02.04.2020,325,225,4,554,,71,33,16,0,122,66,0,204,383,
03.04.2020,330,241,4,575,,81,33,45,0,142,55,0,242,355,
04.04.2020,341,241,4,586,,83,37,24,0,39,24,0,87,332,
05.04.2020,351,241,4,596,,86,39,22,0,0,0,0,22,332,
06.04.2020,372,279,7,658,,80,37,16,0,115,68,0,199,301,
07.04.2020,380,291,7,678,,80,41,24,0,67,46,0,137,306,
08.04.2020,402,316,9,727,,76,41,30,0,62,39,0,131,217,
09.04.2020,396,338,9,743,,70,41,25,0,58,34,0,117,217,
10.04.2020,382,359,9,750,,73,46,42,0,0,0,0,42,255,
11.04.2020,373,378,9,760,,69,45,43,0,28,15,0,86,255,
12.04.2020,374,387,10,771,,66,46,3,0,8,13,0,24,226,
13.04.2020,385,390,13,788,,71,47,14,0,85,36,0,135,226,
14.04.2020,342,458,13,813,,71,45,16,0,108,71,0,195,205,
15.04.2020,351,485,14,850,,66,42,16,0,59,33,0,108,198,
16.04.2020,318,532,14,864,,63,41,14,0,70,42,0,126,223,
17.04.2020,306,562,14,882,,63,39,31,0,56,50,0,137,251,
18.04.2020,302,572,14,888,,65,39,31,0,43,22,0,96,224,
19.04.2020,326,572,14,912,,69,39,39,0,0,0,0,39,193,
20.04.2020,330,581,16,927,,62,35,9,0,118,51,0,178,193,
21.04.2020,263,659,17,939,,57,37,17,0,63,42,0,122,175,
22.04.2020,227,702,20,949,,60,34,32,36,83,0,0,151,172,
23.04.2020,214,723,22,959,,58,27,16,59,90,0,0,165,219,
24.04.2020,222,722,22,966,,53,25,7,59,38,0,0,104,215,
25.04.2020,210,738,22,970,,48,27,7,28,41,0,0,76,209,
26.04.2020,208,749,23,980,,51,28,14,0,0,0,0,14,200,
27.04.2020,215,766,24,1005,,46,26,25,57,98,0,0,180,200,
28.04.2020,209,786,24,1019,,48,25,27,52,68,0,0,147,189,
29.04.2020,219,786,24,1029,,46,24,5,53,76,0,0,134,188,
30.04.2020,194,833,24,1051,,40,20,62,57,51,0,0,170,239,
01.05.2020,184,852,24,1060,,40,23,14,32,70,0,0,116,232,
02.05.2020,187,863,24,1074,,42,22,18,21,46,0,0,85,231,
03.05.2020,180,885,24,1089,,42,23,20,21,46,0,0,87,231,
04.05.2020,179,886,24,1089,,38,21,20,94,112,0,0,226,240,
05.05.2020,175,913,25,1113,,36,16,30,55,68,0,0,153,232,
06.05.2020,197,925,25,1147,,37,18,20,53,104,0,0,177,360,
07.05.2020,197,933,26,1156,,32,15,20,52,81,0,0,153,340,
08.05.2020,197,939,27,1163,,37,15,7,49,69,0,0,125,308,
09.05.2020,207,943,27,1177,,36,15,18,0,0,0,0,18,315,
10.05.2020,214,943,27,1184,,35,15,7,0,0,0,0,7,322,
11.05.2020,195,976,28,1199,,33,16,7,99,144,0,0,250,332,
12.05.2020,187,989,28,1204,,31,15,29,54,83,0,5,171,324,
13.05.2020,208,998,28,1234,,35,15,16,61,110,0,39,226,310,
14.05.2020,202,1021,28,1251,,36,13,9,60,72,0,226,367,322,
15.05.2020,201,1028,30,1259,,30,13,0,58,57,0,11,126,336,
16.05.2020,200,1039,30,1269,,30,14,12,41,35,0,0,88,342,
17.05.2020,194,1054,30,1278,,28,12,12,0,0,0,0,12,352,
18.05.2020,197,1055,30,1282,,28,13,11,78,118,0,0,207,355,
19.05.2020,183,1081,30,1294,,28,13,93,37,74,0,60,264,331,
20.05.2020,171,1115,30,1316,,28,13,0,80,52,0,214,346,328,
21.05.2020,170,1124,30,1324,,26,10,16,0,0,0,0,16,280,
22.05.2020,179,1130,30,1339,,21,9,18,112,66,0,122,318,278,
23.05.2020,169,1142,30,1341,,19,5,65,26,19,0,0,110,260,
24.05.2020,204,1142,30,1376,,18,5,20,0,0,0,0,20,246,
25.05.2020,189,1164,30,1383,,16,5,4,117,65,0,33,219,260,
26.05.2020,199,1169,30,1398,,19,5,0,94,49,0,176,319,265,
27.05.2020,187,1200,30,1417,,20,5,0,71,40,0,73,184,279,
28.05.2020,174,1216,30,1420,,16,3,93,93,34,0,117,337,285,
29.05.2020,173,1227,30,1430,,18,5,132,59,37,0,5,233,285,
30.05.2020,172,1238,30,1440,,13,4,9,0,0,0,0,9,280,
31.05.2020,167,1246,31,1444,,14,3,11,0,0,0,0,11,280,
01.06.2020,165,1252,31,1448,,14,3,11,0,0,0,0,11,276,
02.06.2020,152,1265,31,1448,,15,3,10,98,87,0,107,302,279,
03.06.2020,147,1285,32,1464,,13,2,125,72,42,0,153,392,279,
04.06.2020,141,1296,32,1469,,14,2,0,54,28,0,125,207,263,
05.06.2020,138,1308,33,1479,,14,1,0,76,37,0,94,207,258,
06.06.2020,145,1310,33,1488,,16,3,15,33,28,0,0,76,255,
07.06.2020,128,1327,33,1488,,19,6,15,0,0,0,0,15,251,
08.06.2020,112,1351,33,1496,,16,3,2,126,56,0,96,280,251,
09.06.2020,125,1364,33,1522,,17,4,104,76,41,0,66,287,245,
10.06.2020,112,1380,33,1525,,12,3,23,101,56,0,21,201,238,
11.06.2020,112,1386,33,1531,,14,4,19,0,0,0,0,19,242,
12.06.2020,109,1386,33,1538,,12,4,19,119,43,0,0,181,235,
13.06.2020,105,1405,33,1543,,13,3,73,47,17,0,0,137,240,
14.06.2020,109,1410,33,1552,,12,3,19,0,0,0,0,19,231,
15.06.2020,113,1413,33,1559,,12,3,42,91,49,0,0,182,227,
16.06.2020,134,1410,36,1580,,10,3,53,115,53,0,89,310,227,
17.06.2020,145,1421,36,1602,,9,3,43,92,60,0,73,268,234,
18.06.2020,150,1429,36,1615,,12,2,31,58,52,0,80,221,345,
19.06.2020,169,1429,36,1634,,14,2,39,50,52,0,95,236,357,
20.06.2020,172,1442,36,1650,,12,2,42,87,46,0,0,175,396,
21.06.2020,168,1451,36,1655,,13,2,38,132,95,0,73,338,392,
22.06.2020,185,1451,36,1672,,13,2,42,91,62,0,85,280,412,
23.06.2020,188,1459,36,1683,,16,2,42,133,97,0,103,375,403,
24.06.2020,199,1486,36,1721,,17,3,42,150,111,0,59,362,455,
25.06.2020,212,1488,37,1737,,17,4,,117,90,0,50,257,480,
26.06.2020,238,1494,37,1769,,18,4,43,,,,,43,514,
27.06.2020,,,,,,18,4,59,,,,,59,,
28.06.2020,247,1501,37,1785,,17,5,54,157,137,0,79,427,506,
29.06.2020,244,1515,37,1796,,17,5,56,151,134,0,157,498,524,
30.06.2020,254,1522,37,1813,,22,8,51,89,87,0,95,322,553,
01.07.2020,275,1542,37,1854,,20,7,56,114,101,0,84,355,572,
02.07.2020,291,1561,37,1889,,20,5,55,138,129,0,77,399,591,
03.07.2020,277,1598,37,1912,,17,3,56,84,58,0,0,198,633,
04.07.2020,288,1597,37,1922,,18,4,55,0,0,0,0,55,648,
05.07.2020,286,1611,39,1936,,16,1,59,152,145,0,179,535,645,
06.07.2020,283,1616,39,1938,,15,1,,148,142,0,101,391,612,
07.07.2020,262,1651,40,1953,,14,1,49,,,,,49,571,
08.07.2020,265,1654,42,1961,,13,1,28,74,144,0,90,336,595,
09.07.2020,241,1681,42,1964,,13,1,49,78,116,0,106,349,625,
10.07.2020,228,1699,42,1969,,12,1,30,86,78,0,89,283,601,
11.07.2020,199,1728,42,1969,,10,1,27,41,40,0,0,108,578,
12.07.2020,199,1732,42,1973,,9,1,10,0,0,0,0,10,585,
13.07.2020,192,1742,42,1976,,9,1,5,148,132,0,240,525,582,
14.07.2020,182,1755,42,1979,,8,0,28,78,112,0,130,348,589,
15.07.2020,165,1776,42,1983,,7,0,22,70,89,0,238,419,582,
16.07.2020,142,1814,42,1998,,9,1,30,87,82,0,126,325,479,
17.07.2020,64,1899,42,2005,,9,1,41,80,98,0,165,384,429,
18.07.2020,55,1910,42,2007,,9,1,22,35,50,0,0,107,384,
19.07.2020,49,1923,42,2014,,9,1,5,0,0,0,0,5,368,
20.07.2020,52,1924,43,2019,,10,2,18,84,124,0,87,313,360,
21.07.2020,45,1939,43,2027,,9,2,35,71,63,0,152,321,338,
22.07.2020,41,1951,44,2036,,8,2,26,58,77,0,136,297,319,
23.07.2020,45,1955,44,2044,,6,0,26,55,52,0,192,325,349,
24.07.2020,51,1958,44,2053,,10,1,29,58,56,0,111,254,344,
25.07.2020,47,1974,44,2065,,11,1,20,43,41,0,0,104,342,
26.07.2020,53,1974,44,2071,,15,5,7,0,0,0,0,7,310,
27.07.2020,57,1976,44,2077,,13,3,36,104,135,0,109,384,304,
28.07.2020,50,1988,44,2082,,12,2,36,74,100,0,92,302,257,
29.07.2020,69,1995,44,2108,,12,2,25,50,87,0,142,304,299,
30.07.2020,78,1998,44,2120,,12,2,43,66,74,0,42,225,348,
31.07.2020,88,2014,44,2146,,12,2,48,62,79,0,111,300,350,
01.08.2020,88,2029,44,2161,,18,3,29,44,48,0,0,121,357,
02.08.2020,94,2036,44,2174,,18,4,12,0,0,0,0,12,381,
03.08.2020,89,2045,44,2178,,19,3,29,125,149,0,125,428,394,
04.08.2020,104,2045,45,2194,,20,4,51,86,149,0,76,362,438,
05.08.2020,108,2057,45,2210,,19,5,43,72,131,0,254,500,448,
06.08.2020,128,2071,45,2244,,18,4,43,214,232,0,31,520,474,
07.08.2020,138,2082,45,2265,,22,2,33,214,155,0,19,421,541,
08.08.2020,123,2113,45,2281,,24,2,10,156,115,0,0,281,519,
09.08.2020,116,2126,45,2287,,22,3,0,0,0,0,0,0,530,
10.08.2020,117,2133,45,2295,,25,5,22,462,308,0,34,826,534,
11.08.2020,108,2153,45,2306,,26,5,47,215,200,0,72,534,524,
12.08.2020,103,2176,45,2324,,25,5,30,110,151,0,24,315,512,
13.08.2020,131,2189,45,2365,,29,5,41,164,138,0,88,431,561,
14.08.2020,139,2192,45,2376,,28,4,30,136,189,0,47,402,591,
15.08.2020,117,2238,45,2400,,28,4,43,104,92,0,0,239,528,
16.08.2020,118,2256,45,2419,,24,4,16,0,0,0,0,16,526,
17.08.2020,120,2258,45,2423,,24,4,25,178,201,0,147,551,527,
18.08.2020,132,2273,45,2450,,30,6,29,130,158,0,96,413,572,
19.08.2020,143,2280,45,2468,,30,6,34,95,126,0,194,449,605,
20.08.2020,150,2299,45,2494,,25,5,44,108,153,0,83,388,656,
21.08.2020,135,2342,45,2522,,23,5,44,108,153,0,83,388,662,
22.08.2020,136,2353,45,2534,,21,7,64,117,111,0,0,292,720,
23.08.2020,144,2366,45,2555,,22,6,14,0,0,0,0,14,765,
24.08.2020,137,2385,45,2567,,19,6,51,215,277,0,101,644,797,
25.08.2020,135,2405,45,2585,,20,5,60,179,198,0,108,545,872,
26.08.2020,147,2422,46,2615,,19,5,48,348,0,0,76,472,1011,
27.08.2020,136,2454,46,2636,,16,5,57,149,249,0,115,570,1053,
28.08.2020,122,2483,47,2652,,14,5,56,120,163,0,97,436,1048,
29.08.2020,120,2495,47,2662,,13,4,57,89,113,0,0,259,988,
30.08.2020,111,2516,47,2674,,12,4,14,0,0,0,0,14,949,
31.08.2020,110,2524,47,2681,,11,4,81,213,248,0,109,651,945,
01.09.2020,104,2548,47,2699,,12,5,84,153,176,0,38,451,826,
02.09.2020,101,2559,47,2707,,13,6,56,141,170,0,160,527,836,
03.09.2020,100,2579,47,2726,,12,5,53,123,149,0,106,431,822,
04.09.2020,102,2594,47,2743,,13,4,45,119,174,0,101,439,777,
05.09.2020,90,2622,47,2759,,12,5,37,84,112,0,0,233,590,
06.09.2020,99,2624,47,2770,,12,5,10,0,0,0,0,10,562,
07.09.2020,98,2636,47,2781,,13,6,18,166,218,0,106,508,557,
08.09.2020,87,2659,47,2793,,14,5,54,114,202,0,88,458,549,
09.09.2020,92,2665,47,2804,,18,6,76,121,204,0,93,494,607,
10.09.2020,89,2689,47,2825,,17,6,43,88,182,0,45,358,585,
11.09.2020,91,2711,47,2849,,13,3,43,113,190,0,76,422,613,
12.09.2020,91,2720,47,2858,,12,3,53,92,147,0,0,292,593,
13.09.2020,92,2730,47,2869,,12,3,6,0,0,0,0,6,593,
14.09.2020,87,2749,47,2883,,12,3,44,138,268,0,115,565,646,
15.09.2020,98,2756,47,2901,,15,2,86,114,165,0,130,495,821,
16.09.2020,100,2778,47,2925,,14,3,93,74,166,0,104,437,900,
17.09.2020,115,2782,47,2944,,13,3,80,57,258,0,67,452,1021,
18.09.2020,120,2800,47,2967,,13,2,82,95,298,0,29,504,1080,
19.09.2020,122,2816,47,2985,,11,2,64,284,79,0,0,427,1040,
20.09.2020,120,2832,47,2999,,11,2,14,0,0,0,0,0,1003,
21.09.2020,122,2844,47,3013,,12,2,78,142,363,0,57,640,1235,
22.09.2020,124,2860,47,3031,,15,2,84,90,208,0,79,461,1328,
23.09.2020,126,2879,47,3052,,15,2,92,92,216,0,13,413,1255,
24.09.2020,131,2896,48,3075,,14,2,73,94,222,0,49,438,1055,
25.09.2020,135,2920,48,3103,,12,1,89,95,262,0,73,519,1290,
26.09.2020,145,2939,48,3132,,15,2,80,61,182,0,0,323,1157,
27.09.2020,147,2972,48,3167,,19,5,13,0,0,0,0,13,1154,
28.09.2020,147,2981,48,3176,,25,3,81,90,275,0,154,600,1236,
29.09.2020,148,2999,48,3195,,24,3,82,45,188,0,64,379,1408,
30.09.2020,160,3013,48,3221,,25,5,109,85,189,0,167,550,1497,
01.10.2020,179,3021,48,3248,,23,3,81,72,133,0,92,378,1600,
02.10.2020,190,3057,48,3295,,23,3,105,65,188,0,16,374,1554,
03.10.2020,192,3076,48,3316,,26,3,56,0,0,0,0,56,1346,
04.10.2020,202,3098,48,3348,,28,4,15,0,0,0,0,15,1369,
05.10.2020,195,3116,48,3359,,24,3,82,115,298,0,101,596,1410,
06.10.2020,190,3159,49,3398,,29,5,49,93,295,0,71,508,1400,
07.10.2020,197,3182,51,3430,,33,6,86,95,235,0,125,541,1437,
08.10.2020,226,3188,51,3465,,35,5,97,77,286,0,53,513,1517,
09.10.2020,262,3257,52,3571,,41,8,56,113,350,0,12,531,1723,
10.10.2020,291,3267,52,3610,,40,9,54,94,324,0,0,472,1572,
11.10.2020,307,3308,52,3667,,42,9,15,0,0,0,0,15,1600,
12.10.2020,314,3347,52,3713,,44,9,123,133,329,0,31,616,1680,
13.10.2020,306,3391,52,3749,,46,9,88,314,303,0,10,715,1722,
14.10.2020,341,3401,53,3795,,40,8,113,509,330,0,69,1021,2010,
15.10.2020,372,3476,53,3901,,42,7,101,607,335,0,113,1156,2050,
16.10.2020,385,3556,53,3994,,52,8,81,274,304,0,46,705,2182,
17.10.2020,352,3672,53,4077,,57,7,59,204,280,0,0,543,2064,
18.10.2020,402,3685,53,4140,,53,7,14,0,0,0,0,14,2177,
19.10.2020,420,3727,53,4200,,61,8,141,185,319,0,166,811,2467,
20.10.2020,459,3763,54,4276,,63,9,72,167,366,0,106,711,2617,
21.10.2020,485,3845,55,4385,,68,10,87,229,336,0,158,810,2459,
22.10.2020,524,3973,55,4552,,74,13,81,211,371,0,49,712,2302,
23.10.2020,429,4202,55,4686,,79,16,83,229,352,0,19,683,2356,
24.10.2020,581,4149,55,4785,,79,16,59,262,328,0,0,649,2239,
25.10.2020,674,4256,55,4985,,79,17,14,0,0,0,0,14,2235,
26.10.2020,797,4291,55,5143,,86,16,79,238,330,0,236,883,2675,
27.10.2020,963,4360,58,5381,,93,19,85,277,353,0,72,787,3169,
28.10.2020,1077,4394,58,5529,,110,20,83,239,311,0,52,685,3655,
29.10.2020,1175,4554,58,5787,,117,20,82,182,329,0,84,677,4000,
30.10.2020,1191,4762,60,6013,,116,23,83,196,330,0,130,739,4257,
31.10.2020,1174,5007,60,6241,,136,34,111,208,345,0,0,664,4193,
01.11.2020,1232,5131,61,6424,,141,28,79,0,0,0,0,79,4379,
02.11.2020,1271,5176,61,6508,,155,30,84,281,376,0,104,845,4753,
03.11.2020,1268,5379,61,6708,,155,34,137,213,355,0,0,705,4782,
04.11.2020,1266,5517,61,6844,,165,32,85,366,341,0,21,813,4959,
05.11.2020,1341,5616,61,7018,,160,39,77,146,298,0,88,609,5317,
06.11.2020,1279,5831,64,7174,,162,41,86,233,277,0,35,631,5486,
07.11.2020,1114,6105,65,7284,,156,41,81,166,278,0,15,540,5192,
08.11.2020,1094,6322,65,7481,,159,41,92,0,0,0,0,92,5091,
09.11.2020,1119,6407,67,7593,,177,41,138,198,339,0,0,675,5206,
10.11.2020,1066,6596,70,7732,,179,41,110,111,263,0,0,484,4978,
11.11.2020,1143,6696,70,7909,,185,38,62,131,327,0,0,520,4870,
12.11.2020,1163,6842,74,8079,,172,31,158,109,274,0,0,541,4691,
13.11.2020,1149,7055,75,8279,,169,33,167,114,294,0,0,575,4783,
14.11.2020,1063,7303,75,8441,,170,33,89,108,226,0,0,423,4160,
15.11.2020,990,7517,75,8582,,176,31,85,0,0,0,0,85,3951,
16.11.2020,1059,7525,83,8667,,180,36,245,173,348,0,0,766,4259,
17.11.2020,1035,7691,84,8810,,192,36,159,148,283,0,0,590,4347,
18.11.2020,1083,7829,87,8999,,177,36,125,135,305,0,0,565,4568,
19.11.2020,1155,7935,88,9178,,180,32,103,137,330,0,0,570,4786,
20.11.2020,1101,8118,89,9308,,178,33,125,109,276,0,0,510,4829,
21.11.2020,1015,8311,89,9415,,181,37,91,76,280,0,0,447,4329,
22.11.2020,968,8445,89,9502,,191,39,90,0,0,0,0,90,4353,
23.11.2020,906,8550,90,9546,,209,46,110,125,321,0,0,556,4399,
24.11.2020,840,8707,91,9638,,197,43,104,120,265,0,0,489,4559,
25.11.2020,888,8808,91,9787,,199,46,200,92,226,0,0,518,4420,
26.11.2020,900,8916,91,9907,,181,44,126,89,169,0,0,384,4130,
27.11.2020,859,9093,94,10046,,173,40,173,77,188,0,0,438,3744,
28.11.2020,750,9268,95,10113,,172,44,90,58,135,0,0,283,3162,
29.11.2020,695,9457,95,10247,,184,45,92,0,0,0,0,92,3076,
30.11.2020,715,9486,95,10296,,181,45,106,64,273,0,0,443,3122,
01.12.2020,689,9625,96,10410,119.5,180,47,84,44,202,0,0,330,3032,
02.12.2020,749,9678,97,10524,114.1,163,43,91,52,200,0,0,343,3007,
03.12.2020,794,9731,97,10622,110.7,166,43,62,61,193,0,0,316,3029,
04.12.2020,775,9862,99,10736,106.8,163,43,61,66,232,0,0,359,2981,
05.12.2020,674,10028,99,10801,106.5,163,47,65,24,173,0,0,262,2620,
06.12.2020,673,10132,99,10904,101.7,170,47,37,0,0,0,0,37,2723,
07.12.2020,671,10156,105,10932,98.5,156,45,64,73,287,0,0,424,2745,
08.12.2020,668,10291,106,11065,101.4,171,47,101,73,200,0,0,374,2744,
09.12.2020,762,10350,107,11219,107.6,168,45,78,59,226,0,0,363,2899,
10.12.2020,795,10459,107,11361,114.4,185,45,87,64,240,0,0,391,3041,
11.12.2020,828,10540,108,11476,114.6,172,40,76,78,262,0,0,416,3170,
12.12.2020,798,10660,108,11566,118.4,158,36,72,49,246,0,0,367,3056,
13.12.2020,830,10744,109,11683,120.6,167,36,45,0,0,0,0,45,3129,
14.12.2020,825,10792,111,11728,123.2,176,36,71,80,314,0,0,465,3192,
15.12.2020,868,10897,112,11877,125.7,191,38,76,56,250,0,0,382,3323,
16.12.2020,1007,10933,115,12055,129.4,207,41,83,66,299,0,0,488,3579,
17.12.2020,1135,10944,116,12195,129.1,203,42,146,83,358,0,0,587,3843,
18.12.2020,1056,11125,117,12298,127.3,207,41,102,107,392,0,0,601,3854,
19.12.2020,959,11293,117,12369,124.3,199,34,70,69,405,0,0,544,3623,
20.12.2020,960,11453,117,12530,131.1,197,35,44,0,0,0,0,44,3628,
21.12.2020,995,11496,120,12611,136.7,211,35,104,256,446,0,0,806,3771,
22.12.2020,992,11605,121,12718,130.2,210,36,,,,,,,3575,
23.12.2020,1048,11699,127,12874,126.8,204,38,72,73,352,0,0,497,3565,
24.12.2020,1113,11728,127,12968,119.7,194,35,46,36,170,0,0,252,3523,
25.12.2020,954,11953,127,13034,113.9,193,38,32,13,140,0,0,185,3143,
26.12.2020,863,12070,127,13060,107.0,190,38,12,18,133,0,0,163,2795,
27.12.2020,784,12236,127,13147,95.5,203,38,55,0,0,0,0,55,2673,
28.12.2020,724,12356,127,13207,92.3,210,39,36,33,289,0,0,358,2605,
29.12.2020,657,12511,130,13298,89.8,219,41,113,23,195,0,0,331,2255,
30.12.2020,686,12587,131,13404,82.1,208,41,60,25,212,0,0,297,2131,
31.12.2020,745,12642,132,13519,85.3,197,41,43,18,156,0,0,217,2124,
01.01.2021,646,12800,132,13578,84.2,185,38,22,14,68,0,0,104,1888,
02.01.2021,519,12981,132,13632,88.6,191,42,35,22,201,0,0,258,1597,
03.01.2021,509,13093,132,13734,90.9,199,45,33,0,0,0,0,33,1637,
04.01.2021,555,13093,135,13783,89.2,212,45,67,50,230,0,0,347,1738,
05.01.2021,593,13123,143,13859,86.9,193,37,102,25,176,0,0,303,1729,
06.01.2021,688,13151,143,13982,89.5,172,32,95,40,146,0,0,218,1846,
07.01.2021,723,13218,146,14087,87.9,155,30,58,31,155,0,0,244,1868,
08.01.2021,732,13400,146,14278,108.4,149,31,71,24,156,0,0,251,1911,
09.01.2021,704,13469,147,14320,106.5,154,32,30,27,110,0,0,167,1921,
10.01.2021,660,13621,147,14428,107.4,157,32,36,0,0,0,0,36,1825,
11.01.2021,673,13658,154,14485,108.7,155,33,121,38,187,0,0,346,1890,
12.01.2021,691,13774,156,14621,118,153,31,64,27,121,0,0,212,1867,
13.01.2021,637,13913,157,14707,112.2,157,31,94,37,130,0,0,261,1756,
14.01.2021,672,13966,159,14797,109.9,158,35,66,18,121,0,0,205,1790,
15.01.2021,583,14127,161,14871,91.8,152,35,122,33,126,0,0,281,1690,
16.01.2021,528,14264,161,14953,98,151,35,43,18,135,0,0,196,1671,
17.01.2021,453,14371,161,14985,86.2,151,36,35,0,0,0,0,35,1533,
18.01.2021,409,14466,163,15038,85.6,148,30,54,39,137,0,0,230,1495,9544
19.01.2021,351,14602,167,15120,77.3,142,31,103,20,140,0,0,263,1304,10776
20.01.2021,335,14720,169,15224,80,138,27,99,34,125,0,0,258,1173,12717
21.01.2021,346,14831,171,15348,85.3,139,30,68,35,114,0,0,217,1105,14055
22.01.2021,,15257,173,15430,86.5,145,30,114,15,135,0,0,264,,14097
23.01.2021,,15337,174,15511,86,139,30,49,14,132,0,0,195,,14343
24.01.2021,,15404,174,15578,91.8,140,29,36,0,0,0,0,36,,14343
25.01.2021,369,15056,180,15605,87.8,143,30,80,31,181,0,0,292,928,14343
26.01.2021,,15500,182,15682,87,134,22,100,33,133,0,0,246,,15252
27.01.2021,515,15039,195,15749,81.3,132,25,79,27,128,0,0,234,1087,16113
28.01.2021,511,15114,198,15823,73.5,137,21,82,28,144,0,0,254,1196,16432
29.01.2021,521,15204,204,15929,77.3,125,20,43,25,113,0,0,181,1253,16718
30.01.2021,441,15331,206,15978,72.3,119,19,48,16,108,0,0,172,1149,17725
31.01.2021,462,15357,206,16025,69.2,117,21,30,0,0,0,0,30,1062,18455
01.02.2021,466,15361,206,16033,66,132,21,53,24,106,0,0,183,1089,19184
02.02.2021,497,15381,218,16096,64,129,23,94,17,102,0,0,213,1074,20145
03.02.2021,557,15391,221,16169,65,130,23,41,24,101,0,0,166,1102,21191
04.02.2021,522,15479,227,16228,62,124,24,61,27,107,0,0,195,1117,21974
05.02.2021,1200,14700,228,16183,57.1,124,24,38,90,26,0,0,154,1126,23643
06.02.2021,1200,14800,233,16224,51,124,24,49,81,16,0,0,146,1054,24593
07.02.2021,1100,14900,233,16268,52.9,124,24,52,0,0,0,0,52,1039,25467
08.02.2021,1000,15000,237,16273,52.6,114,23,21,80,60,0,0,161,988,26465
09.02.2021,980,15100,248,16328,49.1,97,19,33,82,21,0,0,136,923,26993
10.02.2021,940,15200,248,16364,45.7,87,18,114,89,24,0,0,227,977,28611
11.02.2021,940,15200,248,16403,42.1,83,16,42,89,28,0,0,159,973,28611
12.02.2021,840,15300,252,16427,37.1,90,15,50,96,37,0,0,183,971,31543
13.02.2021,800,15400,252,16461,37.6,82,15,32,90,18,0,0,140,931,32202
14.02.2021,770,15500,252,16490,35.7,87,16,26,0,0,0,0,26,931,32825
15.02.2021,720,15500,254,16498,33.8,83,17,53,142,36,0,0,231,930,33343
16.02.2021,730,15600,256,16577,40.4,86,17,86,115,33,0,0,234,983,33795
17.02.2021,740,15600,261,16644,44.9,91,20,92,115,26,0,0,233,1244,34729
18.02.2021,720,15700,263,16683,45.3,92,16,72,158,35,0,0,265,1347,34787
19.02.2021,680,15800,266,16752,51.8,92,20,82,119,31,0,0,232,1299,35791
20.02.2021,640,15800,266,16752,46,92,16,56,143,15,0,0,214,1331,37218
21.02.2021,700,15900,266,16861,59.3,84,15,30,0,0,0,0,30,1317,38540
22.02.2021,690,15900,269,16878,61.4,84,19,54,191,40,0,0,285,1379,39594
23.02.2021,700,16000,270,16938,57.4,83,17,78,140,27,0,0,245,1447,42705
24.02.2021,700,16000,273,16985,56.1,84,19,50,132,24,0,0,206,1501,43962
25.02.2021,710,16100,275,17049,59.7,85,21,72,113,32,0,0,217,1586,44371
26.02.2021,660,16200,276,17102,54.7,88,23,78,167,38,0,0,283,1610,46210
27.02.2021,620,16200,276,17133,51.8,83,23,52,148,18,0,0,218,1513,47519
28.02.2021,630,16300,276,17174,51.0,79,20,39,0,0,0,0,39,1514,49196
01.03.2021,560,16300,280,17184,48.7,76,23,96,182,40,0,0,318,1689,51514
02.03.2021,580,16400,282,17258,51.9,86,22,117,152,41,0,0,310,1671,51691
03.03.2021,580,16500,282,17316,53.2,74,20,87,175,38,0,0,300,1666,53891
04.03.2021,580,16500,286,17383,54.0,83,21,101,197,42,0,0,340,1738,54361
05.03.2021,570,16600,286,17419,51.1,86,21,101,188,45,0,0,334,1627,56334
06.03.2021,580,16600,287,17444,51.8,86,21,54,134,19,0,0,207,1504,58282
07.03.2021,560,16600,287,17473,52.3,89,19,25,0,0,0,0,25,1486,60137
08.03.2021,520,16700,289,17485,51.8,86,18,86,205,36,0,0,327,1597,62845
09.03.2021,530,16700,290,17551,50.8,86,18,97,163,54,0,0,314,1592,63311
10.03.2021,540,16800,294,17623,52.3,83,20,89,155,51,0,0,295,1625,66354
11.03.2021,570,16800,297,17700,54,85,23,130,179,56,0,0,365,1735,66378
12.03.2021,580,16900,297,17739,54.7,80,20,68,214,50,0,0,332,1775,69297
13.03.2021,600,16900,298,17812,58.7,78,21,67,132,28,0,0,227,1746,71814
14.03.2021,620,16900,298,17851,61.3,84,23,25,0,0,0,0,25,1853,74303
15.03.2021,570,17000,298,17853,59.7,86,26,106,234,48,0,0,388,1932,77437
16.03.2021,600,17000,300,17928,61.6,75,24,95,158,48,0,0,301,1992,77457
17.03.2021,640,17100,302,18019,61.6,77,23,108,178,37,0,0,323,2157,78635
18.03.2021,670,17100,302,18087,63,75,23,174,174,41,0,0,389,2270,77521
19.03.2021,680,17100,302,18128,59.7,66,25,94,158,46,0,0,298,2303,84109
20.03.2021,720,17200,302,18224,66.7,76,27,44,160,19,0,0,220,2169,86373
21.03.2021,660,17300,302,18224,61.6,79,25,103,0,0,0,0,103,2227,88244
22.03.2021,690,17300,306,18301,69.9,87,27,125,280,56,0,0,461,2401,91138
23.03.2021,720,17400,306,18406,76.9,83,25,115,192,42,0,0,349,2417,92144
24.03.2021,780,17400,307,18531,82.5,83,24,109,232,43,0,0,384,2506,95114
25.03.2021,900,17400,310,18651,91.7,80,24,142,227,55,0,0,424,2709,99314
26.03.2021,850,17600,311,18715,94.1,81,25,89,237,50,0,0,376,2781,101882
27.03.2021,890,17600,312,18795,92.5,85,28,84,177,22,0,0,283,2689,104523
28.03.2021,900,17700,312,18868,97.3,88,34,0,0,0,0,0,66,2839,106921
29.03.2021,870,17700,314,18925,100.7,86,30,122,311,50,0,0,483,2987,108994
30.03.2021,870,17700,315,19009,96.6,91,29,122,311,50,0,0,483,2942,109044
31.03.2021,970,17900,317,19159,100.5,96,32,0,251,35,0,0,286,2892,111903
01.04.2021,960,17900,319,19229,91.5,100,35,141,238,59,0,0,438,2975,111959
02.04.2021,1000,18000,320,19349,101.6,98,32,86,187,37,0,0,310,2969,114433
03.04.2021,1000,18100,320,19419,100.5,110,34,83,201,25,0,0,309,3026,117017
04.04.2021,970,18200,320,19474,97.4,120,38,66,0,0,0,0,66,3027,120202
05.04.2021,960,18300,320,19545,98.6,115,37,99,210,20,0,0,329,3035,123871
06.04.2021,910,18400,323,19613,96,123,36,128,220,45,0,0,348,2985,127589
07.04.2021,940,18500,324,19727,91,119,38,123,257,33,0,0,413,2855,131951
08.04.2021,990,18500,329,19857,101,119,38,148,220,32,0,0,400,2795,135535
09.04.2021,1000,18600,330,19974,100.3,117,39,95,213,43,0,0,351,2818,139805
10.04.2021,1100,18700,330,20100,109.3,130,44,84,198,17,0,0,299,2660,143368
11.04.2021,1100,18800,330,20195,115.9,128,44,81,0,0,0,0,81,2790,146751
12.04.2021,1100,18900,334,20277,116.7,137,43,152,364,47,0,0,536,2968,150098
13.04.2021,1200,19000,338,20484,136.5,136,44,120,249,38,0,0,407,3041,150125
14.04.2021,1200,19100,339,20614,140.9,143,43,110,235,34,0,0,379,3263,154719
15.04.2021,1300,19200,342,20774,144.1,135,46,150,267,48,0,0,465,3442,154840
16.04.2021,1300,19200,342,20905,147.8,130,50,89,278,41,0,0,408,3563,159329
17.04.2021,1400,19300,342,21065,150.8,133,50,86,262,24,0,0,372,3591,163601
18.04.2021,1400,19400,342,21133,146,153,53,79,0,0,0,0,79,3689,167283
19.04.2021,1300,19500,342,21155,141.5,151,49,134,402,52,0,0,588,3795,169691
20.04.2021,1500,19600,352,21430,152.6,158,44,124,305,39,0,0,468,4043,169691
21.04.2021,1500,19700,353,21557,151.2,155,48,92,319,38,0,0,449,4282,173001
22.04.2021,1600,19800,353,21759,159,151,51,169,296,36,0,0,501,4529,173001
23.04.2021,1600,20000,356,21937,165.8,152,54,94,317,36,0,0,447,4556,176496
24.04.2021,1600,20100,357,22060,159.7,150,59,95,270,21,0,0,386,4556,179591
25.04.2021,1600,20200,357,22151, 161.1,161,59,89,0,0,0,0,89,4490,182363
26.04.2021,1500,20300,362,22214,161,167,57,138,415,81,0,0,634,4734,184883
27.04.2021,1500,20400,365,22353, 146.7,173,56,109,332,55,0,0,496,4536,184883
28.04.2021,1600,20600,370,22530, 150.7,162,56,134,269,30,0,0,433,4469,188094
29.04.2021,1600,20700,370,22717, 149.5,163,54,238,330,27,0,0,595,4493,188094
30.04.2021,1700,20800,374,22876, 151.5,160,50,160,254,42,0,0,456,4482,191815
01.05.2021,1600,21000,374,22985, 151.3,164,55,88,231,21,0,0,340,4264,195590
02.05.2021,1500,21100,374,23019, 137.8,164,61,62,0,0,0,0,62,4290,198769
03.05.2021,1500,21200,379,23099, 139.9,168,60,161,433,40,0,0,634,4337,202240
04.05.2021,1400,21400,380,23162,124,159,58,153,268,25,0,0,446,3879,202358
05.05.2021,1400,21600,383,23347, 127.4,147,59,169,261,23,0,0,453,3785,206439
06.05.2021,1400,21700,388,23468,120,153,59,186,260,33,0,0,479,3777,206631
07.05.2021,1400,21800,390,23585, 112.6,150,63,119,211,32,0,0,362,3522,211213
08.05.2021,1400,21900,391,23662, 107.6,134,60,104,166,15,0,0,285,3237,215837
09.05.2021,1300,22000,391,23734,113,146,62,43,0,0,0,0,43,3179,276149
10.05.2021,1200,22200,394,23744, 102.6,145,56,145,370,33,0,0,548,3205,282354
11.05.2021,1100,22300,394,23827, 105.3,144,53,146,219,18,0,0,383,2968,285224
12.05.2021,1100,22400,398,23940, 92.5,142,51,219,18,146,0,0,383,2903,295871
13.05.2021,1100,22500,399,24022, 86.4,127,45,137,190,23,0,0,350,2591,295909
14.05.2021,1000,22600,399,24072, 75.9,130,41,73,177,26,0,0,276,2532,298975
15.05.2021,1000,22700,400,24139, 75.1,119,45,56,168,8,0,0,232,2387,301727
16.05.2021,960,22800,400,24185, 73.3,118,43,55,0,0,0,0,55,2346,304432
17.05.2021,900,22900,404,24214, 75.1,118,42,93,270,28,0,0,391,2455,317352
18.05.2021,860,23000,405,24298, 72.5,119,52,110,197,22,0,0,329,2317,319924
19.05.2021,810,23100,408,24332, 63.4,101,40,105,195,28,0,0,328,2088,329342
20.05.2021,790,23200,408,24412, 63.5,97,42,135,162,26,0,0,323,2019,333995
21.05.2021,760,23300,409,24457, 58.4,97,41,78,158,24,0,0,260,1936,341295
22.05.2021,770,23400,409,24534, 63.5,90,39,35,130,12,0,0,177,1845,343836
23.05.2021,740,23400,409,24577, 63.5,94,39,27,0,0,0,0,27,1827,346592
24.05.2021,690,23500,409,24606, 62.6,94,37,49,170,14,0,0,233,1848,350028
25.05.2021,650,23600,413,24632, 54.4,92,38,90,185,26,0,0,301,1656,355203
26.05.2021,630,23600,413,24683, 55.6,90,37,86,136,27,0,0,249,1548,363279
27.05.2021,600,23700,416,24728, 50.8,82,34,92,122,24,0,0,238,,367877
28.05.2021,580,23800,416,24764, 47,78,32,67,132,15,0,0,214,1530,379586
29.05.2021,580,23800,416,24807, 44.4,80,33,51,99,9,0,0,159,1477,383995
30.05.2021,580,23900,416,24830, 41,75,32,47,0,0,0,0,47,1482,388079
31.05.2021,490,23900,416,24840, 38.4,75,32,87,160,21,0,0,268,1508,397855
01.06.2021,470,24000,418,24887, 40.8,81,29,42,142,20,0,0,204,1415,400786
02.06.2021,420,24100,419,24911, 36.3,80,27,75,130,15,0,0,220,1278,409362
03.06.2021,420,24100,420,24939, 33.1,76,25,104,111,10,0,0,225,1175,414343
04.06.2021,380,24100,422,24970, 32.8,76,26,39,111,10,0,0,160,1103,425346
05.06.2021,380,24200,422,24979, 27.2,56,21,38,75,10,0,0,123,1043,429522
06.06.2021,380,24200,422,24979, 23.3,58,20,39,0,0,0,0,39,1014,433635
07.06.2021,340,24300,422,25016, 28.1,55,18,53,93,14,0,0,160,1055,444080
08.06.2021,320,24300,422,25037, 24.9,47,16,67,87,7,0,0,161,1065,447516
09.06.2021,290,24300,422,25054, 23.6,48,16,58,74,10,0,0,142,1032,460698
10.06.2021,270,24400,422,25065, 21.1,41,15,69,56,13,0,0,138,932,467620
11.06.2021,270,24400,423,25085, 19.8,38,10,60,58,8,0,0,126,813,476952
12.06.2021,250,24400,423,25093, 18.5,33,9,51,47,4,0,0,102,756,480727
13.06.2021,230,24400,423,25101, 14.8,28,9,47,0,0,0,0,47,721,484024
14.06.2021,210,24500,425,25105, 14.2,27,7,48,64,11,0,0,123,707,494051
15.06.2021,190,24500,425,25133, 12.7,28,7,43,56,3,0,0,102,554,494224
16.06.2021,180,24500,425,25131, 12.5,27,7,50,60,15,0,0,125,507,507530
17.06.2021,160,24600,425,25140, 11.1,14,6,61,44,11,0,0,116,407,514302
18.06.2021,170,24600,425,25150, 10.3,17,6,12,45,5,0,0,62,396,521813
19.06.2021,140,24600,425,25151, 9.8,16,4,17,39,3,0,0,59,365,525817
20.06.2021,140,24600,425,25154, 9.2,15,4,4,0,0,0,0,4,341,529056
21.06.2021,120,24600,425,25155, 8.8,14,5,23,92,7,0,0,122,340,537526
22.06.2021,110,24600,425,25160, 8.5,16,3,30,36,5,0,0,71,295,540569
23.06.2021,90,24600,425,25163, 6.1,20,4,15,38,11,0,0,64,263,550773
24.06.2021,90,24700,425,25170, 5.6,18,3,24,36,12,0,0,72,226,557353
25.06.2021,90,24700,426,25176, 5.5,13,3,19,19,7,0,0,45,221,565517
26.06.2021,90,24700,426,25182, 5.8,16,5,7,27,2,0,0,36,222,567615
27.06.2021,80,24700,426,25183, 5.5,15,4,8,0,0,0,0,8,216,570383
28.06.2021,80,24700,426,25188, 6.1,14,3,16,56,13,0,0,85,220,579285
29.06.2021,80,24700,426,25199, 6.3,13,3,49,33,8,0,0,90,235,584894
30.06.2021,80,24700,427,25220, 9,13,3,29,43,5,0,0,77,222,594787
01.07.2021,90,24700,427,25233, 10.5,10,3,54,46,15,0,0,115,243,603232
02.07.2021,90,24700,427,25243, 10.9,10,3,24,31,10,0,0,65,296,614227
03.07.2021,110,24700,427,25257, 12.4,9,2,89,33,6,0,0,128,287,617506
04.07.2021,100,24700,427,25264, 13.2,9,2,11,0,0,0,0,11,301,620934
05.07.2021,100,24700,429,25267, 12.9,11,3,34,57,10,0,0,101,336,629368
06.07.2021,120,24700,429,25292, 14.8,6,2,40,25,9,0,0,74,340,632101
07.07.2021,120,24700,429,25299, 11.9,9,3,40,49,11,0,0,100,368,641774
08.07.2021,110,24800,429,25299, 10.8,9,3,40,54,13,0,0,107,393,644932
09.07.2021,150,24800,430,25345, 16.4,8,2,34,92,9,0,0,135,443,653219
10.07.2021,180,24800,430,25388, 21.1,9,3,26,51,2,0,0,79,411,657040
11.07.2021,190,24800,430,25403, 22.4,12,3,19,0,0,0,0,19,455,660772
12.07.2021,190,24800,430,25418, 24,13,2,53,58,18,0,0,129,508,667304
13.07.2021,210,24800,434,25446, 24.9,12,2,41,43,18,0,0,102,512,669431
14.07.2021,200,24800,434,25446, 23.5,16,2,53,32,33,0,0,118,534,678686
15.07.2021,240,24800,434,25502, 28.5,13,4,57,72,13,0,0,142,601,683949
16.07.2021,270,24800,435,25543, 31.4,13,4,27,59,10,0,0,96,716,688738
17.07.2021,290,24800,435,25568, 28.9,17,5,16,58,6,0,0,80,696,690042
18.07.2021,290,24900,435,25590, 30.2,17,5,12,0,0,0,0,12,728,691253
19.07.2021,270,24900,436,25599, 29.3,16,4,49,72,15,0,0,139,777,696137
20.07.2021,290,24900,436,25651, 33,18,3,45,50,15,0,0,110,782,698922
21.07.2021,300,25000,436,25691, 34.6,17,3,72,65,6,0,0,143,855,703574
22.07.2021,330,25000,437,25751, 39.1,16,3,50,63,5,0,0,118,919,704053
23.07.2021,350,25000,438,25797, 40.8,13,4,48,78,14,0,0,140,976,751344
24.07.2021,340,25000,438,25813, 39.9,11,3,24,54,10,0,0,88,866,752044
25.07.2021,360,25100,438,25855, 42.6,15,4,24,0,0,0,0,24,877,752774
26.07.2021,340,25100,439,25865, 42.6,15,4,39,71,21,0,0,131,903,716382
27.07.2021,370,25100,440,25912, 42.5,17,3,49,60,12,0,0,121,903,716765
28.07.2021,380,25100,441,25953, 41.6,19,3,53,61,13,0,0,127,930,722161
29.07.2021,410,25200,440,26001, 40.7,18,3,27,68,14,0,0,109,957,722572
30.07.2021,400,25200,440,26040, 39.1,21,3,23,47,6,0,0,76,920,730265
31.07.2021,410,25200,440,26077, 40,20,4,39,65,6,0,0,110,878,730636
01.08.2021,410,25300,440,26109, 41,17,4,36,0,0,0,0,36,902,732009
02.08.2021,380,25300,440,26124, 41.3,17,4,61,78,20,0,0,159,914,735611
03.08.2021,390,25300,440,26177, 42.1,15,4,57,83,8,0,0,148,917,736194
04.08.2021,380,25400,440,26208, 41.8,19,5,90,64,7,0,0,161,1006,741809
05.08.2021,410,25400,440,26264, 42.8,21,4,77,70,10,0,0,157,1005,742279
06.08.2021,420,25400,440,26295, 41.5,21,6,53,62,8,0,0,123,1033,749541
07.08.2021,460,25500,440,26369, 47.6,23,11,34,57,6,0,0,97,983,751070
08.08.2021,440,25500,440,26385, 45.7,21,8,17,0,0,0,0,17,1030,752620
09.08.2021,410,25500,440,26414, 46.8,25,7,53,77,19,0,0,149,1091,757581
10.08.2021,410,25600,440,26490, 51,29,5,53,77,19,0,0,149,1158,758188
11.08.2021,500,25600,440,26578, 58.2,31,5,75,68,9,0,0,152,1249,765355
12.08.2021,540,25700,440,26666, 64,30,7,94,77,10,0,0,181,1325,766128
13.08.2021,560,25700,440,26717, 64.5,27,6,72,84,9,0,0,165,1361,774128
14.08.2021,650,25800,440,26842, 76.2,29,7,43,83,12,0,0,138,1343,776394
15.08.2021,660,25800,440,26905, 83.3,35,9,30,0,0,0,0,30,1488,778471
16.08.2021,640,25900,440,26936, 83,39,7,67,89,13,0,0,169,1571,783281
17.08.2021,700,25900,440,27048, 88.6,41,7,83,90,13,0,0,186,1681,784181
18.08.2021,760,26000,441,27165, 90.9,46,8,102,95,24,0,0,221,1837,791979
19.08.2021,860,26000,441,27320, 105.3,44,12,112,113,18,0,0,243,1936,792762
20.08.2021,970,26100,442,27476, 116.6,49,11,100,105,29,0,0,234,2075,797324
21.08.2021,1100,26100,442,27634, 127.2,46,11,95,101,30,0,0,226,2234,800021
22.08.2021,1100,26200,442,27739, 133.6,55,14,63,0,0,0,0,63,2434,802395
23.08.2021,1100,26200,445,27800, 137.8,56,18,144,120,54,0,0,318,2679,806574
24.08.2021,1200,26300,445,27957, 144.4,57,19,172,182,36,0,0,390,2965,807303
25.08.2021,1200,26300,445,28189, 163.1,61,22,172,182,36,0,0,390,3285,812912
26.08.2021,1400,26500,445,28367, 167.6,60,23,142,163,13,0,0,318,3676,813842
27.08.2021,1500,26600,445,28513, 162.3,57,23,142,183,51,0,0,376,3933,818328
28.08.2021,1600,26700,445,28652, 164.7,54,22,138,166,68,0,0,372,3330,819185
29.08.2021,1600,26800,445,28770, 166.5,60,20,107,0,0,0,0,107,3350,820093
30.08.2021,1500,26900,446,28831, 164.7,68,19,120,296,99,0,0,515,4216,823086
31.08.2021,1500,26900,447,28995, 162,68,20,120,296,99,0,0,515,4313,823965
01.09.2021,1600,27100,448,29146, 149.4,76,20,168,234,42,0,0,444,4310,827519
02.09.2021,1600,27300,451,29367, 157.1,74,18,143,197,80,0,0,420,4198,828324
03.09.2021,1600,27400,452,29469, 148.4,78,19,147,212,45,0,0,404,4168,834636
04.09.2021,1600,27500,452,29636, 157.3,76,20,128,148,37,0,0,313,3989,835530
05.09.2021,1600,27700,452,29745, 157.3,74,20,143,0,0,0,0,143,3813,836290
06.09.2021,1500,27800,452,29773, 151.2,77,22,231,0,147,0,0,378,4056,837965
07.09.2021,1500,27800,453,29896, 139.2,76,19,231,0,147,0,0,378,3738,838509
08.09.2021,1500,28100,454,30052, 133.6,82,22,346,0,105,0,0,451,3602,841363
09.09.2021,1500,28200,454,30194, 131.3,85,24,295,0,95,0,0,390,3530,841769
10.09.2021,1500,28400,458,30285, 124.3,83,23,241,0,86,0,0,327,3513,845095
11.09.2021,1500,28500,458,30420, 125.7,79,24,194,0,75,0,0,269,3165,845925
12.09.2021,1400,28600,458,30495, 122.2,83,27,221,0,0,0,0,221,3099,846601
13.09.2021,1300,28700,459,30530, 121,85,28,193,199,32,0,0,424,3228,848417
14.09.2021,1300,28900,461,30637, 116.5,85,28,175,149,32,0,0,356,2900,848937
15.09.2021,1300,29000,461,30734, 107.5,83,30,174,165,54,0,0,393,1488,851791
16.09.2021,1200,29100,461,30820, 99.8,83,32,106,139,65,0,0,310,2642,852334
17.09.2021,1200,29300,462,30906, 97,76,33,107,110,38,0,0,255,2538,855720
18.09.2021,1100,29400,462,30977, 88.6,68,31,105,92,12,0,0,209,2282,856331
19.09.2021,1100,29500,462,31063, 93.3,72,30,122,0,0,0,0,122,2463,857320
20.09.2021,1100,29600,462,31112, 93.5,70,29,174,216,64,0,0,454,2200,859028
21.09.2021,1000,29700,462,31222, 92.2,63,24,118,119,33,0,0,270,1980,859821
22.09.2021,1000,29800,465,31301, 89.3,66,21,132,102,57,0,0,291,1857,863336
23.09.2021,1000,29900,466,31397, 89.4,63,22,101,77,22,0,0,200,1836,864222
24.09.2021,990,30000,467,31461, 85.9,62,23,78,70,20,0,0,168,1697,867157
25.09.2021,960,30100,467,31520, 87.2,70,24,66,72,13,0,0,151,1559,867944
26.09.2021,950,30200,467,31602, 86.4,70,25,41,0,0,0,0,41,1469,868443
27.09.2021,880,30300,467,31622, 80.3,72,24,119,111,32,0,0,262,2084,870224
28.09.2021,850,30400,469,31699, 77.2,69,23,110,57,24,0,0,191,1483,870776
29.09.2021,850,30400,469,31771, 75.9,69,26,85,70,28,0,0,183,1457,871649
30.09.2021,830,30500,471,31833, 70.1,58,21,92,72,47,0,0,211,1405,872205
01.10.2021,830,30600,473,31905, 69.1,57,21,51,56,19,0,0,126,1346,923997
02.10.2021,810,30700,473,31960, 68.3,55,20,29,47,26,0,0,102,1223,
03.10.2021,750,30800,473,31976, 60.3,52,19,39,0,0,0,0,39,1688,
04.10.2021,700,30800,473,31999, 61.7,55,22,85,114,39,0,0,238,1111,933921
05.10.2021,700,30900,474,32088, 62.4,55,20,93,67,17,0,0,177,1137,934437
06.10.2021,690,31000,474,32170, 63.5,52,17,83,63,49,0,0,195,1162,934861
07.10.2021,710,31100,474,32245, 65.6,50,17,74,55,42,0,0,171,1156,935362
08.10.2021,630,31100,474,32245, 54.3,44,14,52,53,29,0,0,134,1167,935926
09.10.2021,700,31200,477,32360, 65.3,43,14,40,57,16,0,0,113,1125,
10.10.2021,660,31300,478,32393, 68.2,42,12,37,0,0,0,0,37,1506,
11.10.2021,620,31300,480,32415, 67.5,43,12,93,121,32,0,0,246,1117,944788
12.10.2021,620,31400,483,32485, 62.5,41,13,51,59,14,0,0,124,1512,945318
13.10.2021,610,31400,483,32539, 58.7,43,12,95,49,25,0,0,169,1130,945892
14.10.2021,620,31500,483,32601, 57.9,37,10,86,69,11,0,0,166,1133,946326
15.10.2021,660,31500,483,32687, 60.4,41,11,52,51,18,0,0,121,1107,946945
16.10.2021,690,31600,483,32758, 63.8,47,12,34,53,14,0,0,101,1011,
17.10.2021,670,31600,483,32798, 65.9,48,12,37,0,0,0,0,37,985,
18.10.2021,630,31700,483,32837, 67.5,49,12,107,112,48,0,0,267,1066,947590
19.10.2021,640,31800,484,32910, 66.9,47,11,76,76,24,0,0,176,999,948199
20.10.2021,740,31800,484,33067, 83,46,13,66,90,33,0,0,189,1179,952906
21.10.2021,800,31900,485,33172, 91.1,51,12,92,0,106,0,0,198,1283,953341
22.10.2021,820,32000,485,33262, 90.6,56,13,81,92,31,0,0,204,1324,953980
23.10.2021,900,32000,485,33386, 101.2,55,14,48,80,16,0,0,144,1278,
24.10.2021,910,32100,485,33464, 105.6,56,17,55,0,0,0,0,55,1344,
25.10.2021,860,32200,486,33625, 99.3,57,19,107,104,80,0,0,291,1418,957600
26.10.2021,990,32200,486,33701, 118.4,60,18,82,109,34,0,0,225,1609,958075
27.10.2021,1100,32300,488,33837, 122.8,66,20,113,96,59,0,0,268,1734,958618
28.10.2021,1100,32400,490,33994, 130.4,63,20,90,80,68,0,0,238,1951,959139
29.10.2021,1200,32400,491,34098, 131.3,63,21,75,84,45,0,0,204,2004,959673
30.10.2021,1300,32500,491,34263, 138.4,64,21,58,63,46,0,0,167,1935,
31.10.2021,1200,32600,491,34313, 136.7,66,21,73,0,0,0,0,73,2817,
01.11.2021,1200,32700,492,34359, 131.5,65,21,68,86,42,0,0,196,1995,959673
02.11.2021,1100,32800,496,34439, 115.7,74,24,126,107,87,0,0,320,2016,969272
03.11.2021,1200,32900,496,34624, 121.2,78,26,103,114,59,0,0,276,2105,969843
04.11.2021,1300,33000,496,34783, 124.4,88,24,111,96,58,0,0,265,2242,970456
05.11.2021,1300,33100,496,34938, 131.2,88,27,118,113,73,0,0,304,2285,971345
06.11.2021,1300,33200,496,35081, 131.5,84,28,53,104,52,0,0,209,2104,
07.11.2021,1400,33300,496,35210, 144.2,91,28,88,0,0,0,0,88,3149,
08.11.2021,1300,33400,503,35256, 144.6,90,24,165,188,103,0,0,456,2341,977966
09.11.2021,1500,33600,506,35528, 174.7,86,27,147,129,61,0,0,337,2541,978982
10.11.2021,1500,33600,506,35749, 178.9,90,25,147,129,61,0,0,337,2736,979976
11.11.2021,1700,33800,506,35972, 190.8,86,23,133,110,123,0,0,366,2828,981069
12.11.2021,1800,33900,508,36181, 199,118,23,168,225,108,0,0,501,3109,982363
13.11.2021,1900,34000,508,36409, 212.9,89,20,81,173,42,0,0,296,2898,
14.11.2021,1900,34100,508,36527, 211.9,89,18,87,0,0,0,0,87,3191,
15.11.2021,1800,34200,516,36596, 213.5,96,21,164,246,169,0,0,579,3151,991052
16.11.2021,2000,34400,518,36933, 224.2,99,21,172,224,147,0,0,543,3513,992419
17.11.2021,2200,34500,518,37240, 240,93,23,173,202,157,0,0,532,3731,993906
18.11.2021,2300,34700,521,37472, 238,91,19,182,234,134,0,0,550,3979,995466
19.11.2021,2400,34800,522,37783, 256.4,99,22,159,209,146,0,0,514,4050,997254
20.11.2021,2500,35000,523,38062, 264.3,102,24,147,240,122,0,0,509,4430,
21.11.2021,2600,35200,523,38338, 292.3,111,27,139,0,0,0,0,139,3730,
22.11.2021,2500,35400,525,38468, 299.4,108,25,254,358,142,0,0,754,4288,1019245
23.11.2021,2700,35600,526,38869, 308.1,111,30,230,232,113,0,0,575,6602,1021768
24.11.2021,2900,35800,527,39241, 320.4,114,27,209,241,141,0,0,591,5202,1024529
25.11.2021,3000,36000,527,39529, 326.5,119,28,213,256,105,0,0,574,5382,1028445
26.11.2021,3100,36200,527,39829, 327.3,128,33,171,269,114,0,0,554,5348,1030856
27.11.2021,3200,36400,527,40084, 319.9,127,38,141,298,75,0,0,514,5014,1032852
28.11.2021,2900,36700,527,40084, 279.4,135,43,172,0,0,0,0,172,4884,
29.11.2021,3000,36900,529,40443, 314.6,135,44,210,380,159,0,0,749,5061,1050726
30.11.2021,3100,37200,530,40817, 307.2,130,39,230,294,106,0,0,630,5033,1053338
01.12.2021,3100,37500,531,41152, 300.9,137,41,233,319,111,0,0,663,5296,1055843
02.12.2021,3100,37800,532,41457, 304.1,150,47,204,301,105,0,0,610,5484,1059244
03.12.2021,3100,38000,533,41722, 291.5,163,48,182,335,105,0,0,622,5464,1061483
04.12.2021,3200,38300,533,42010, 305.5,161,49,131,251,75,0,0,457,4868,1062793
05.12.2021,3100,38600,534,42215, 302.5,158,46,133,0,0,0,0,133,5039,
06.12.2021,3000,38900,539,42469, 325.4,171,46,250,374,137,0,0,761,5295,1112525
07.12.2021,3000,39200,541,42786, 314.3,180,52,199,280,59,0,0,538,5154,1114571
08.12.2021,3200,39400,544,43189, 323.3,189,59,241,283,103,0,0,627,5543,1116560
09.12.2021,3200,39700,545,43449, 313.1,183,51,207,234,72,0,0,513,5622,1119294
10.12.2021,3100,40000,548,43674, 298.6,172,52,148,256,66,0,0,470,5449,1121477
11.12.2021,3300,40200,548,44030, 318.8,171,55,173,207,52,0,0,432,5143,1122522
12.12.2021,3100,40500,548,44159, 303.1,168,55,92,0,0,0,0,92,4977,
13.12.2021,3200,40500,552,44247, 285.1,173,52,197,296,82,0,0,575,5037,1164043
14.12.2021,2900,41100,552,44566, 276.7,182,51,221,221,55,0,0,497,4952,1166541
15.12.2021,2800,41400,552,44777, 256.9,174,49,242,213,68,0,0,523,5122,1169470
16.12.2021,2800,41600,557,45039, 258.7,169,48,162,203,82,0,0,447,5056,1173190
17.12.2021,2800,41900,560,45226, 244.6,153,48,165,214,52,0,0,431,4812,1175872
18.12.2021,2800,42100,560,45470, 240.3,157,45,46,231,46,0,0,323,4371,1177636
19.12.2021,2700,42400,560,45683, 251.4,151,48,100,0,0,0,0,100,4494,
20.12.2021,2500,42700,562,45736, 246.9,149,48,219,321,72,0,0,612,4444,1177636
21.12.2021,2500,42900,563,45966, 235.1,139,45,135,217,53,0,0,405,4201,1232163
22.12.2021,2500,42900,569,46171, 234.6,140,43,126,316,78,0,0,520,4371,1234871
23.12.2021,2600,43300,573,46487, 239.3,136,42,181,319,105,0,0,605,4525,1237370
24.12.2021,2700,43600,573,46848, 266.2,130,43,146,162,34,0,0,342,4564,
25.12.2021,2700,43700,573,47017, 254.6,125,43,102,123,23,0,0,257,4336,
26.12.2021,2600,44000,573,47166, 250.4,121,43,99,0,0,0,0,99,4178,
27.12.2021,2600,44200,579,47240, 250.6,127,43,207,397,74,0,0,868,4202,1257787
28.12.2021,2400,44500,589,47501, 245.9,125,38,152,303,61,0,0,516,4096,1259932
29.12.2021,2600,44700,592,47847, 264,119,41,188,329,83,0,0,600,4501,1261939
30.12.2021,2700,44900,594,48212, 268.5,117,41,184,423,102,0,0,709,4706,1263769
31.12.2021,3000,45100,595,48640, 289.4,110,40,154,340,75,0,0,569,5055,
01.01.2022,3100,45200,595,48952, 311,111,38,144,223,23,0,0,390,4502,
02.01.2022,3100,45500,596,49217, 332.5,106,36,79,0,0,0,0,79,4213,
03.01.2022,3100,45700,600,49444, 354.1,122,41,223,454,170,0,0,847,4725,1283908
04.01.2022,3500,45900,600,49444, 406.9,122,34,236,448,268,0,0,952,5107,1285756
05.01.2022,3900,46200,604,50669, 451.6,114,32,216,496,307,0,0,1019,5879,1287466
06.01.2022,4400,46500,607,51439, 512,111,32,220,522,257,0,0,999,6028,1289813
07.01.2022,4700,46700,611,52000, 544.7,114,28,223,462,231,0,0,916,6325,1291860
08.01.2022,4700,46700,611,52466, 569.7,117,29,206,473,125,0,0,804,6078,1293528
09.01.2022,5100,47200,611,52943, 601.4,119,32,207,0,0,0,0,207,6260,
10.01.2022,5500,47500,618,53628, 674.9,119,33,226,634,299,0,0,1159,7105,1315954
11.01.2022,6000,47900,621,54446, 702.3,123,35,223,631,267,0,0,1121,7527,1317966
12.01.2022,6200,48200,624,55047, 692.3,123,36,286,574,331,0,0,1191,7754,1319925
13.01.2022,6000,48600,625,55261, 617.1,119,32,228,611,265,0,0,1104,7407,1322596
14.01.2022,6000,49000,626,55589, 578.5,113,32,226,610,231,0,0,1067,7049,1324747
15.01.2022,5900,49500,626,55980, 568.1,113,33,301,574,336,0,0,1211,8559,1326507
16.01.2022,5400,50100,626,56118, 510.9,125,36,265,0,0,0,0,265,6672,
17.01.2022,5200,50700,627,56549, 462.4,131,37,340,589,380,0,0,1309,6704,1355377
18.01.2022,5200,51300,629,57080, 427.9,130,33,386,602,458,0,0,1446,6596,1357105
19.01.2022,5400,51800,632,57833, 446.6,130,32,344,598,662,0,0,1604,6538,1358565
20.01.2022,5400,52399,634,58469, 488,128,30,362,562,594,0,0,1518,5743,1360490
21.01.2022,5400,52900,634,58974, 442.2,127,29,343,557,554,0,0,1454,3898,1362107
22.01.2022,5400,52900,634,59227, 331.8,143,30,274,580,491,0,0,1345,2507,1363438
23.01.2022,5400,52900,634,59661, 310.5,155,32,121,0,0,0,0,121,1506,
24.01.2022,4900,54900,638,60441, 300.1,171,30,287,642,587,0,0,1516,1224,1373258
25.01.2022,5300,55600,639,61513, 252.9,184,27,349,531,571,0,0,1451,1160,1374411
26.01.2022,6800,56100,640,63545, 213.4,212,30,431,519,581,0,0,1531,878,1375416
27.01.2022,9700,56700,641,67033, 527.5,206,34,330,544,544,0,0,1418,869,1376637
28.01.2022,12000,57200,651,69874, 622.1,216,36,353,540,572,0,0,1465,776,1377930
29.01.2022,16000,57500,651,74212, 1070.5,225,39,186,482,568,0,0,1236,627,1378911
30.01.2022,19200,57900,651,77683, 1476.7,233,37,106,0,0,0,0,106,793,
31.01.2022,23300,58200,656,82125, 1706,242,38,337,572,709,0,0,1618,1238,1406283
01.02.2022,27600,58500,656,86695, 2140.8,239,31,346,534,753,0,0,1633,1835,1407015
02.02.2022,30000,58600,656,89220, 2162.4,260,30,339,567,643,0,0,1549,3505,1407707
03.02.2022,32400,58700,657,91774, 2201.7,269,29,275,623,584,0,0,1482,3696,1408574
04.02.2022,34200,58800,665,93616, 2071.8,269,27,224,508,528,0,0,1260,3494,1409414
05.02.2022,35500,58900,666,95005, 1959,268,30,132,473,449,0,0,1054,1866,1410087
06.02.2022,36800,59000,666,96483, 1932.7,285,30,75,0,0,0,0,75,1842,
07.02.2022,37400,59200,668,97239, 1915.3,310,31,341,625,681,0,0,1647,1983,1419928
08.02.2022,38900,59400,671,98992, 1789.8,320,31,267,483,472,0,0,1222,2800,1420523
09.02.2022,40800,59500,677,101004, 1735.6,316,32,251,445,500,0,0,1196,4593,1421058
10.02.2022,42200,59900,681,102698, 1622.3,316,38,234,404,380,0,0,1018,5233,1421648
11.02.2022,43100,60200,682,104053, 1577.1,301,36,165,390,314,0,0,869,5692,1422241
12.02.2022,44000,60500,682,105144, 1521.1,284,34,73,381,215,0,0,669,4986,1422809
13.02.2022,44100,61500,682,106226, 1527.6,291,34,67,0,0,0,0,67,5192,
14.02.2022,43200,62800,689,106738, 1446.2,312,34,230,479,444,0,0,1153,5313,1430470
15.02.2022,43100,64400,692,108186, 1368.0,303,33,128,357,130,0,0,615,5985,1430881
16.02.2022,42700,66100,693,109470, 1301.0,306,33,149,329,269,0,0,747,7039,1431224
17.02.2022,41800,68300,698,110755, 1229.9,304,30,173,0,510,0,0,683,7533,1431642
18.02.2022,40400,70300,704,111438, 1135.2,289,30,136,0,515,0,0,651,7067,1432043
19.02.2022,40200,71700,705,112661, 1140.3,268,26,63,242,159,0,0,464,6251,1432388
20.02.2022,37300,75100,705,113129, 1076.4,263,25,66,0,0,0,0,66,6237,
21.02.2022,35100,77700,712,113569, 1049.9,275,25,128,354,346,0,0,828,5936,1440028
22.02.2022,33400,80700,713,114835, 1055.4,268,27,106,227,169,0,0,502,6937,1440342
23.02.2022,31300,83600,714,115680, 973.7,275,33,157,249,203,0,0,609,7810,1440687
24.02.2022,29300,86900,718,116847, 964,264,32,122,245,146,0,0,513,7855,1441037
25.02.2022,27400,89500,718,117644, 937.3,262,28,88,223,146,0,0,457,7793,1441351
26.02.2022,27400,89500,718,118311, 889.6,240,26,54,223,87,0,0,364,6470,1441582
27.02.2022,24700,93300,718,118730, 898.6,233,26,30,0,0,0,0,30,6116,
28.02.2022,21900,96400,723,119031, 867.2,225,23,113,371,285,0,0,769,5828,1445854
01.03.2022,19700,99400,725,119880, 796.1,225,22,90,340,262,0,0,692,6104,1446180
02.03.2022,17900,102100,730,120795, 813.8,211,19,124,356,360,0,0,840,6548,1446500
03.03.2022,17500,104100,734,122283, 872.5,201,20,142,374,296,0,0,812,7270,1446859
04.03.2022,17100,105700,741,123480, 935,194,14,126,352,275,0,0,753,7932,1447147
05.03.2022,16900,106800,741,124429, 987.2,177,17,99,317,178,0,0,594,6931,1447462
06.03.2022,16600,10800,741,125419, 1072.3,175,19,43,0,0,0,0,43,6644,
07.03.2022,15700,109900,747,126361, 1125.2,200,20,153,424,377,0,0,954,7435,1447900
08.03.2022,15000,111400,747,127200, 1127.6,205,17,132,363,316,0,0,811,7668,1449745
09.03.2022,15000,113100,749,128796, 1224,196,15,288,382,429,0,0,1099,8476,1449973
10.03.2022,15700,114300,753,130707, 1300,186,15,176,360,294,0,0,830,9864,1450287
11.03.2022,16000,115400,753,132154, 1359,192,15,115,408,270,0,0,793,9593,1450604
12.03.2022,15800,116400,753,133048, 1368,200,18,77,382,193,0,0,652,7723,1450816
13.03.2022,15900,117700,753,134393, 1418.5,187,14,49,0,0,0,0,49,6876,
14.03.2022,15200,119300,764,135344, 1411.7,203,23,245,421,372,0,0,1038,7166,1453866
15.03.2022,15700,120900,764,137379, 1574.5,215,24,214,416,300,0,0,930,7923,1454211
16.03.2022,15800,122400,766,138947, 1561.3,202,16,186,326,341,0,0,853,8849,1454580
17.03.2022,16900,123300,766,140884, 1589.5,218,17,247,325,211,0,0,783,8182,1454897
18.03.2022,17000,124200,769,141982, 1536.1,206,17,176,187,154,0,0,517,7007,1455198
19.03.2022,17400,125000,769,143891, 1580.8,206,18,135,385,193,0,0,713,5269,1455408
20.03.2022,17100,126000,769,143891, 1505.2,201,19,52,0,0,0,0,52,4718,
21.03.2022,16900,127100,775,144816, 1457.8,216,21,271,442,346,0,0,1059,4027,1457445
22.03.2022,17400,128000,776,146226, 1376.3,241,15,179,318,220,0,0,717,4432,1457679
23.03.2022,18300,128900,778,147972, 1346.1,231,13,189,376,240,0,0,805,5129,1457947
24.03.2022,19500,129600,779,149890, 1395.8,200,14,148,316,197,0,0,661,5474,1458183
25.03.2022,20200,130100,781,151096, 1423.3,191,14,149,313,216,0,0,678,4933,1458428
26.03.2022,21200,130600,781,152542, 1447,186,14,64,307,115,0,0,486,3849,1458619
27.03.2022,21500,131000,781,153279, 1462.5,196,16,32,0,0,0,0,32,3454,
28.03.2022,21500,131600,788,153888, 1412.2,199,13,235,465,298,0,0,998,2700,1460190
29.03.2022,22900,132100,791,155726, 1469.9,194,14,143,277,168,0,0,588,3652,1460480
30.03.2022,23700,132600,795,157077, 1393.3,188,13,122,299,179,0,0,600,4153,1460734
31.03.2022,24600,133000,800,158416, 1328.7,211,12,105,264,166,0,0,535,3636,1461010
01.04.2022,25100,133400,803,159322, 1279.1,193,13,97,253,116,0,0,466,3110,1461262
02.04.2022,25700,133800,803,160245, 1204.3,198,15,43,198,61,0,0,302,2183,1461428
03.04.2022,25700,134200,803,160740, 1164.7,193,16,26,0,0,0,0,26,1812,
04.04.2022,25300,135000,804,161101, 1122.8,200,16,126,342,181,0,0,649,1294,1462315
05.04.2022,25600,136000,805,162336, 1038.8,205,15,74,219,127,0,0,420,1888,1462346
06.04.2022,25700,136800,805,163310, 983.2,201,17,98,214,130,0,0,442,2399,1462753
07.04.2022,25800,137500,809,164167, 915.4,171,15,83,235,82,0,0,400,1936,1462948
08.04.2022,26800,137900,809,165011, 903.3,175,17,78,188,87,0,0,353,1750,1463182
09.04.2022,27200,139000,809,165829, 888,176,20,50,210,54,0,0,314,1459,1463301
10.04.2022,26400,139000,809,166208, 873.6,169,21,0,0,0,0,0,0,1154,
11.04.2022,25100,140500,813,166475, 845.3,175,18,116,280,165,0,0,561,634,
12.04.2022,24500,142100,814,167367, 790.9,170,20,73,240,94,0,0,407,1073,
13.04.2022,24100,143400,818,168340, 785.9,175,20,76,194,113,0,0,383,1743,1464659
14.04.2022,25000,144200,818,169247, 800.3,188,19,49,211,99,0,0,359,1827,1464839
15.04.2022,24400,145100,818,169951, 775.2,173,18,26,137,24,0,0,187,1478,
16.04.2022,24400,145600,818,170311, 707.3,168,19,47,239,71,0,0,357,881,
17.04.2022,22800,147400,818,170762, 724.9,165,21,0,0,0,0,0,0,727,
18.04.2022,22800,147400,818,171108, 722.9,163,20,164,0,0,0,0,164,673,
19.04.2022,21900,148900,822,171579, 649.9,183,19,370,0,0,0,0,370,755,
20.04.2022,21000,150400,822,172226, 601.8,190,20,66,267,100,0,0,433,976,1465746
21.04.2022,21000,151400,826,173214, 596.8,170,18,51,175,78,0,0,304,1541,1465874
22.04.2022,22000,152700,838,174250, 661.1,165,16,66,160,66,0,0,292,1629,1466030
23.04.2022,21600,153300,838,175067, 661.1,161,21,34,188,40,0,0,262,1374,1466133
24.04.2022,21200,153900,838,175366, 708,155,18,0,0,0,0,0,0,1079,
25.04.2022,21000,155500,838,175749, 685.6,166,16,73,220,119,0,0,412,472,
26.04.2022,20100,157900,838,176443, 733.9,161,13,41,153,59,0,0,253,778,
27.04.2022,18300,157900,838,177055, 727.5,152,12,34,180,53,0,0,267,1284,1466728
28.04.2022,17700,158800,845,177394, 638.8,129,10,45,98,44,0,0,187,955,1466842
29.04.2022,18300,158800,847,178009, 599.8,128,11,34,106,46,0,0,186,774,1466959
30.04.2022,17900,159700,847,178408, 537.9,122,11,19,130,38,0,0,187,745,1467068
01.05.2022,17200,160600,847,178643, 527.6,123,13,,,,0,0,,620,
02.05.2022,16100,161800,849,178807, 492.2,123,12,,,,0,0,,,
03.05.2022,15800,162800,852,179419, 477.7,116,12,,,,0,0,,,
04.05.2022,15400,163600,853,179884, 431.1,101,9,,,,0,0,,,812773
05.05.2022,15000,164500,855,180337, 442.2,104,9,,,,0,0,,,1526348
06.05.2022,15500,165200,855,180766, 441.2,107,12,,,,0,0,,,1526484
07.05.2022,14500,166000,855,181073, 423.2,111,14,,,,0,0,,,1526571
08.05.2022,14500,166000,855,181356, 429.3,116,14,,,,0,0,,,
09.05.2022,13800,166900,861,181508, 412.4,121,14,,,,0,0,,,
10.05.2022,13300,167800,867,181935, 379.9,136,14,,,,0,0,,,
11.05.2022,12700,168800,872,182306, 361.5,102,14,,,,0,0,,,
12.05.2022,12400,169300,876,182586, 342.9,109,16,,,,0,0,,,
13.05.2022,12800,169300,877,182947, 343.4,102,14,,,,0,0,,,1534143
14.05.2022,12600,169700,877,183201, 334.4,106,11,,,,0,0,,,
15.05.2022,11900,170500,877,183325, 314.4,103,12,,,,0,0,,,
16.05.2022,11600,171000,879,183491, 302.2,103,13,,,,0,0,,,
17.05.2022,11200,171800,879,183889, 298.9,97,13,,,,0,0,,,
18.05.2022,11100,172700,881,184630, 359.2,87,13,,,,0,0,,,
19.05.2022,10700,173500,885,185023, 379,102,16,,,,0,0,,,
20.05.2022,11000,173500,889,185332, 367.8,100,16,,,,0,0,,,1534449
21.05.2022,10500,174300,889,185645, 379.2,93,14,,,,0,0,,,
22.05.2022,9900,175000,889,185735, 374,90,13,,,,0,0,,,
23.05.2022,9300,175700,891,185803, 345,90,12,,,,0,0,,,
24.05.2022,8900,176400,893,186206, 345.2,84,11,,,,0,0,,,
25.05.2022,9200,176500,894,186484, 282.7,82,8,,,,0,0,,,
26.05.2022,8600,177300,894,186798, 264.9,81,7,,,,0,0,,,
27.05.2022,8700,177300,894,186866, 246.4,79,9,,,,0,0,,,1537520
28.05.2022,8600,177700,894,187052, 225.5,72,8,,,,0,0,,,
29.05.2022,8200,178200,894,187239, 239.3,73,8,,,,0,0,,,
30.05.2022,7700,178800,899,187274, 232.4,87,9,,,,0,0,,,
31.05.2022,7600,179300,902,187764, 242.2,93,7,,,,0,0,,,
01.06.2022,7600,179700,903,188161, 261.1,90,6,,,,0,0,,,
02.06.2022,7500,180100,903,188508, 269.5,94,7,,,,0,0,,,
03.06.2022,7900,180400,903,188769, 301.2,78,7,,,,0,0,,,1539564
04.06.2022,7900,180400,903,188769, 255.6,80,8,,,,0,0,,,
05.06.2022,7800,180600,903,189301, 322.5,78,7,,,,0,0,,,
06.06.2022,7200,181300,903,189425, 321.8,81,7,,,,0,0,,,
07.06.2022,7100,181700,905,189694, 287.2,79,7,,,,0,0,,,
08.06.2022,7600,181900,905,190401, 346.2,91,8,,,,0,0,,,
09.06.2022,7900,182300,905,191063, 397.6,87,7,,,,0,0,,,
10.06.2022,8600,182300,909,191561, 442.4,91,5,,,,0,0,,,1542081
11.06.2022,8800,182500,909,191561, 381.5,82,5,,,,0,0,,,
12.06.2022,8600,182900,909,192424, 495.4,84,4,,,,0,0,,,
13.06.2022,8400,183300,909,192633, 499.7,97,4,,,,0,0,,,
14.06.2022,8400,183900,909,193220, 529.4,98,4,,,,0,0,,,
15.06.2022,9200,183900,911,194004, 542.1,103,5,,,,0,0,,,1542081
16.06.2022,9300,184500,911,194791, 558.1,94,3,,,,0,0,,,1542081
17.06.2022,9700,184500,911,195070, 531.3,104,5,,,,0,0,,,1544332
18.06.2022,10000,184900,911,195070, 455.6,103,6,,,,0,0,,,1544332
19.06.2022,10300,185000,911,196140, 580.3,106,9,,,,0,0,,,1544332
20.06.2022,9900,185500,911,196280, 541.3,127,8,,,,0,0,,,1544332
21.06.2022,10400,185800,911,197099, 561.8,139,9,,,,0,0,,,
22.06.2022,11400,186000,911,198328, 665.6,137,13,,,,0,0,,,
23.06.2022,12500,186100,911,199488, 727.9,131,12,,,,0,0,,,
24.06.2022,12800,186400,911,200176, 801.1,127,7,,,,0,0,,,1546225
25.06.2022,12800,186400,911,200176, 698.3,127,9,,,,0,0,,,
26.06.2022,12800,186400,911,200176, 620.8,135,11,,,,0,0,,,
27.06.2022,13800,187100,911,201843, 847.3,156,11,,,,0,0,,,
28.06.2022,14300,187500,912,202753, 830.1,152,11,,,,0,0,,,
29.06.2022,15000,187800,913,203779, 818,165,9,,,,0,0,,,
30.06.2022,15700,188100,913,204697, 802.9,154,8,,,,0,0,,,
01.07.2022,16000,188400,913,205047, 815.1,143,10,,,,0,0,,,1581852
02.07.2022,16000,188400,914,205396, 695.5,137,12,,,,0,0,,,
03.07.2022,16000,188400,915,205396, 619.2,139,9,,,,0,0,,,
04.07.2022,17200,189200,915,207289, 835.6,153,13,,,,0,0,,,
05.07.2022,17500,189900,915,208315, 852.3,162,11,,,,0,0,,,
06.07.2022,17900,190600,915,209423, 870.4,175,12,,,,0,0,,,
07.07.2022,18400,191100,916,210339,886,164,8,,,,0,0,,,
08.07.2022,18500,191500,916,210952, 834.1,177,9,,,,0,0,,,1584451
09.07.2022,18500,191500,916,210952, 758.2,172,10,,,,0,0,,,
10.07.2022,18500,191500,916,210952, 666.5,169,14,,,,0,0,,,
11.07.2022,18900,192900,916,212749, 831.4,185,12,,,,0,0,,,
12.07.2022,19100,193600,916,213609, 805.9,183,11,,,,0,0,,,
13.07.2022,19300,194300,916,214562, 769.2,192,15,,,,0,0,,,
14.07.2022,19800,194600,916,215326, 775.8,183,13,,,,0,0,,,
15.07.2022,19900,195200,916,216005, 798.7,189,17,,,,0,0,,,1586742
16.07.2022,19900,195200,916,216005, 706.7,190,17,,,,0,0,,,
17.07.2022,19900,195200,916,216005, 614,180,15,,,,0,0,,,
18.07.2022,19400,196900,916,217232, 684.4,191,18,,,,0,0,,,
19.07.2022,18900,198000,916,217845, 648.5,190,18,,,,0,0,,,
20.07.2022,19700,198000,916,218536, 601.4,194,15,,,,0,0,,,
21.07.2022,18300,199700,916,218991, 563.9,182,15,,,,0,0,,,
22.07.2022,18200,200400,916,219567, 562.3,191,11,,,,0,0,,,1589041
23.07.2022,18200,200400,916,219567, 497.2,187,11,,,,0,0,,,
24.07.2022,18200,200400,916,219567, 437,189,12,,,,0,0,,,
25.07.2022,17300,202400,917,220653, 524.2,192,14,,,,0,0,,,
26.07.2022,16900,203400,917,221275, 518.1,200,15,,,,0,0,,,
27.07.2022,16700,204200,917,221876, 506.3,196,13,,,,0,0,,,
28.07.2022,16400,205200,921,222454, 524.9,197,13,,,,0,0,,,
29.07.2022,16200,205600,921,222814, 503.4,207,12,,,,0,0,,,1591142
30.07.2022,16200,205600,921,222814, 451.6,202,12,,,,0,0,,,
31.07.2022,16200,205600,921,222814, 374.2,188,14,,,,0,0,,,
01.08.2022,14800,208000,921,223730, 462.5,195,17,,,,0,0,,,
02.08.2022,14100,209200,922,224206, 432.9,192,13,,,,0,0,,,
03.08.2022,14100,209900,922,224933, 470.4,185,15,,,,0,0,,,
04.08.2022,13900,210400,923,225214, 435.1,172,13,,,,0,0,,,
05.08.2022,14500,210500,923,225259, 439.3,210,15,,,,0,0,,,1593428
06.08.2022,14200,210600,923,225535, 438.0,175,16,,,,0,0,,,
07.08.2022,14000,210900,923,225873, 425.0,173,15,,,,0,0,,,
08.08.2022,13700,211500,923,226142, 398.1,172,15,,,,0,0,,,
09.08.2022,13100,212300,923,226261, 414.3,172,16,,,,0,0,,,
10.08.2022,12900,213100,923,226786, 392.7,169,14,,,,0,0,,,
11.08.2022,11600,214800,924,227273, 372.8,164,14,,,,0,0,,,
12.08.2022,11400,215400,924,227703, 395.6,179,15,,,,0,0,,,1595158
13.08.2022,11700,215700,926,228124, 422.7,173,16,,,,0,0,,,
14.08.2022,11600,216100,926,228362, 406.8,172,15,,,,0,0,,,
15.08.2022,10500,217100,926,228120, 320.7,201,15,,,,0,0,,,
16.08.2022,10500,217300,927,228732, 402.6,199,15,,,,0,0,,,
17.08.2022,10400,217900,928,229186, 386.0,201,17,,,,0,0,,,
18.08.2022,10400,218300,928,229639, 395.0,193,16,,,,0,0,,, 
19.08.2022,10300,218800,936,229960, 374.2,172,14,,,,0,0,,,1597077
20.08.2022,10200,219100,932,230210, 356.2,170,14,,,,0,0,,,
21.08.2022,10200,219600,932,230210, 317.6,170,14,,,,0,0,,, 
22.08.2022,9300,220600,932,230210, 278.2,178,16,,,,0,0,,,
23.08.2022,9300,220600,932,230796, 335.8,175,14,,,,0,0,,,
24.08.2022,9100,221100,932,231107, 313.9,171,13,,,,0,0,,,
25.08.2022,8900,221600,935,231451, 294.1,171,12,,,,0,0,,,
26.08.2022,8900,221900,935,231803, 295.1,159,12,,,,0,0,,,1598843
27.08.2022,9100,222300,935,232020, 288.8,153,12,,,,0,0,,,   
28.08.2022,8900,222600,935,232020, 244.5,155,10,,,,0,0,,, 
29.08.2022,8100,223400,935,232020, 206.9,152,9,,,,0,0,,,
30.08.2022,8100,223400,936,232488, 244.5,153,9,,,,0,0,,,
31.08.2022,7800,224300,936,232822, 247.2,148,8,,,,0,0,,,
01.09.2022,7800,224600,936,233339, 238.8,148,8,,,,0,0,,,
02.09.2022,7700,225000,937,233429, 234.3,131,8,,,,0,0,,,1600382
03.09.2022,7700,225000,937,233632, 220.8,130,9,,,,0,0,,,
04.09.2022,7700,225000,937,233632, 194.2,125,8,,,,0,0,,,
