Datum, Aktueller Tag mobil, Aktueller Tag mobil 1. Impfung, Aktueller Tag mobil 2. Impfung, Aktueller Tag mobil 3. Impfung, Aktueller Tag mobil 4. Impfung, Aktueller Tag Impfstelle, Aktueller Tag Impfstelle 1. Impfung, Aktueller Tag Impfstelle 2. Impfung, Aktueller Tag Impfstelle 3. Impfung, Aktueller Tag Gesamt, Aktueller Tag Gesamt 1. Impfung, Aktueller Tag Gesamt 2. Impfung, Aktueller Tag Gesamt 3. Impfung, Aktueller Tag Gesamt 4. Impfung,Gesamt mobil,Gesamt mobil 1. Impfung,Gesamt mobil 2. Impfung,Gesamt mobil 3. Impfung,Gesamt mobil 4. Impfung,Gesamt Impfstelle,Gesamt Impfstelle 1. Impfung,Gesamt Impfstelle 2. Impfung,Gesamt Impfstelle 3. Impfung,Gesamt Impfungen,Gesamt Impfungen 1. Impfung,Gesamt Impfungen 2. Impfung,Gesamt Impfungen 3. Impfung,Gesamt Impfungen 4. Impfung,Gesamtimpfungen Arztpraxen ,Gesamtimpfungen Arztpraxen  1. Impfung,Gesamtimpfungen Arztpraxen  2. Impfung,Gesamtimpfungen Arztpraxen  3. Impfung,Gesamtimpfungen Arztpraxen  4. Impfung
27.12.2020,180,,,,,,,,,,,,,,180,,,,,,,,,,,,,,,,,,
28.12.2020,,,,,,,,,,,,,,,,,,,,,,,,,,,,,,,,,
29.12.2020,422,,,,,,,,,,,,,,602,,,,,,,,,,,,,,,,,,
30.12.2020,1194,,,,,,,,,1194,,,,,1796,,,,,,,,,1796,,,,,,,,,
31.12.2020,750,,,,,,,,,750,,,,,2546,,,,,,,,,2546,,,,,,,,,
01.01.2021,0,,,,,,,,,0,,,,,2546,,,,,0,,,,2546,,,,,,,,,
02.01.2021,,,,,,,,,,,,,,,,,,,,,,,,,,,,,,,,,
03.01.2021,,,,,,,,,,,,,,,,,,,,,,,,,,,,,,,,,
04.01.2021,,,,,,,,,,,,,,,,,,,,,,,,,,,,,,,,,
05.01.2021,,,,,,,,,,,,,,,,,,,,,,,,,,,,,,,,,
06.01.2021,,,,,,,,,,,,,,,,,,,,,,,,,,,,,,,,,
07.01.2021,,,,,,,,,,,,,,,,,,,,,,,,,,,,,,,,,
08.01.2021,247,,,,,,,,,247,,,,,4521,,,,,0,,,,4521,,,,,,,,,
09.01.2021,,,,,,,,,,,,,,,,,,,,,,,,,,,,,,,,,
10.01.2021,294,,,,,,,,,294,,,,,5349,,,,,0,,,,5359,,,,,,,,,
11.01.2021,414,,,,,,,,,414,,,,,5773,,,,,0,,,,5773,,,,,,,,,
12.01.2021,200,,,,,,,,,200,,,,,5973,,,,,0,,,,5973,,,,,,,,,
13.01.2021,370,,,,,,,,,370,,,,,6343,,,,,0,,,,6343,,,,,,,,,
14.01.2021,757,,,,,,,,,757,,,,,7100,,,,,0,,,,7100,,,,,,,,,
15.01.2021,860,,,,,,,,,860,,,,,7964,,,,,0,,,,7964,,,,,,,,,
16.01.2021,667,,,,,,,,,667,,,,,8631,,,,,0,,,,8631,,,,,,,,,
17.01.2021,,236,180,,,,0,0,,416,236,180,,,,8867,,,,0,0,0,,9047,8867,180,,,,,,,
18.01.2021,,497,0,,,,0,0,,497,497,0,,,,9364,180,,,0,0,0,,9544,9364,180,,,,,,,
19.01.2021,,817,415,,,,0,0,,1232,817,415,,,,10181,595,,,,0,0,,10776,10181,595,,,,,,,
20.01.2021,,776,1165,,,,0,0,,1941,776,1165,,,,10957,1760,,,,0,0,,12717,10957,1760,,,,,,,
21.01.2021,,589,749,,,,,,,1338,589,749,,,,11546,2509,,,,0,0,,14055,11546,2509,,,,,,,
22.01.2021,,,,,,,,,,,,,,,,,,,,,,,,,,,,,,,,,
23.01.2021,,,,,,,,,,,,,,,,,,,,,,,,,,,,,,,,,
24.01.2021,,10,226,,,,42,0,,288,62,226,,,,11566,2735,,,,42,0,,14343,11608,2735,,,,,,,
25.01.2021,,,,,,,,,,,,,,,,,,,,,,,,,,,,,,,,,
26.01.2021,,27,347,,,,0,0,,374,27,347,,,,12133,3077,,,,42,0,,15252,12175,3077,,,,,,,
27.01.2021,,28,815,,,,18,0,,833,815,18,,,,12161,3892,,,,60,0,,16113,12221,3892,,,,,,,
28.01.2021,,23,278,,,,18,0,,319,41,278,,,,12184,4170,,,,78,0,,16432,12262,4170,,,,,,,
29.01.2021,,11,275,,,,0,0,,286,11,275,,,,12195,4445,,,,78,0,,16718,12273,4445,,,,,,,
30.01.2021,,464,543,,,,0,0,,1007,464,543,,,,12659,4988,,,,0,0,,17725,12737,4988,,,,,,,
31.01.2021,,462,268,,,,0,0,,730,462,268,,,,13121,5256,,,,78,0,,18455,13199,5256,,,,,,,
01.02.2021,,298,370,,,,61,,,729,359,370,,,,13414,5631,,,,139,0,,19184,13553,5631,,,,,,,
02.02.2021,,900,31,,,,30,,,961,930,31,,,,14314,5662,,,,169,0,,20145,14483,5662,,,,,,,
03.02.2021,,625,346,,,,75,,,1046,700,346,,,,14939,6008,,,,244,0,,21191,15183,6008,,,,,,,
04.02.2021,,309,474,,,,,,,783,309,474,,,,15248,6482,,,,244,0,,21974,15492,6482,,,,,,,
05.02.2021,,465,848,,,,66,,,1379,531,848,,,,15737,7596,,,,310,0,,23643,16047,7596,,,,,,,
06.02.2021,,318,632,,,,,,,950,318,632,,,,16055,8228,,,,310,0,,24593,16365,8228,,,,,,,
07.02.2021,,639,235,,,,,,,874,639,235,,,,16525,8632,,,,310,0,,25467,16835,8632,,,,,,,
08.02.2021,,215,225,,,,558,,,998,773,225,,,,16740,8857,,,,868,0,,26465,17608,8857,,,,,,,
09.02.2021,,48,466,,,,8,6,,528,56,472,,,,16788,9323,,,,876,6,,26993,17664,9329,,,,,,,
10.02.2021,,295,510,,,,811,2,,1618,1106,512,,,,17083,9833,,,,1687,8,,28611,18770,9841,,,,,,,
11.02.2021,,1650,226,,,,0,10,,1886,1650,236,,,,18733,10059,,,,1687,18,,30497,20420,10077,,,,,,,
12.02.2021,,81,128,,,,802,35,,1046,883,163,,,,18814,10187,,,,2489,53,,31543,21303,10240,,,,,,,
13.02.2021,,0,0,,,,635,24,,659,635,24,,,,18877,10124,,,,3124,77,,32202,22001,10201,,,,,,,
14.02.2021,,0,0,,,,623,0,,623,623,0,,,,18877,10124,,,,3747,77,,32825,22624,10201,,,,,,,
15.02.2021,,0,0,,,,517,1,,518,517,1,,,,18877,10124,,,,4264,78,,33343,23141,10202,,,,,,,
16.02.2021,,360,42,,,,50,0,,452,410,42,,,,19237,10166,,,,4314,78,,33795,23551,10244,,,,,,,
17.02.2021,,157,21,,,,744,12,,934,901,33,,,,19394,10187,,,,5058,90,,34729,24452,10277,,,,,,,
18.02.2021,,5,16,,,,13,24,,58,18,40,,,,19399,10203,,,,5071,114,,34787,24470,10317,,,,,,,
19.02.2021,,0,11,,,,984,9,,1004,984,20,,,,19399,10214,,,,6055,123,,35791,25454,10337,,,,,,,
20.02.2021,,17,441,,,,955,14,,1427,972,455,,,,19416,10655,,,,7010,137,,37218,26426,10792,,,,,,,
21.02.2021,,23,418,,,,877,4,,1322,900,422,,,,19439,11073,,,,7887,141,,38540,27326,11214,,,,,,,
22.02.2021,,24,235,,,,741,54,,1054,765,289,,,,19463,11308,,,,8628,195,,39594,28091,11503,,,,,,,
23.02.2021,,281,2768,,,,15,47,,3111,296,2815,,,,19744,14076,,,,8643,242,,42705,28387,14318,,,,,,,
24.02.2021,,74,137,,,,964,82,,1257,1038,219,,,,19818,14213,,,,9607,324,,43962,29425,14537,,,,,,,
25.02.2021,,163,221,,,,4,21,,409,167,242,,,,19981,14434,,,,9611,345,,44371,29592,14779,,,,,,,
26.02.2021,,109,482,,,,1196,52,,1839,1305,534,,,,20090,14916,,,,10807,397,,46210,30897,15313,,,,,,,
27.02.2021,,9,201,,,,1076,23,,1309,1085,224,,,,20099,15117,,,,11883,420,,47519,31982,15537,,,,,,,
28.02.2021,,12,597,,,,1067,1,,1677,1079,598,,,,20111,15714,,,,12950,421,,49196,33061,16135,,,,,,,
01.03.2021,,217,358,,,,1204,539,,2318,1421,897,,,,20328,16072,,,,14154,960,,51514,34482,17032,,,,,,,
02.03.2021,,105,36,,,,28,8,,177,133,44,,,,20433,16108,,,,14182,968,,51691,34615,17076,,,,,,,
03.03.2021,,500,40,,,,1190,470,,2200,1690,510,,,,20933,16148,,,,15372,1438,,53891,36305,17586,,,,,,,
04.03.2021,,148,261,,,,61,0,,470,209,261,,,,21081,16409,,,,15433,1438,,54361,36514,17847,,,,,,,
05.03.2021,,135,173,,,,1155,510,,1973,1290,683,,,,21216,16582,,,,16588,1948,,56334,37804,18530,,,,,,,
06.03.2021,,0,0,,,,1460,488,,1948,1460,488,,,,21216,16582,,,,18048,2436,,58282,39264,19018,,,,,,,
07.03.2021,,0,0,,,,1367,488,,1855,1367,488,,,,21216,16582,,,,19415,2924,,60137,40613,19506,,,,,,,
08.03.2021,,184,0,,,,2092,432,,2708,2276,432,,,,21400,16582,,,,21507,3356,,62845,42907,19938,,,,,,,
09.03.2021,,119,347,,,,0,0,,466,119,347,,,,21519,16929,,,,21507,3356,,63311,43026,20285,,,,,,,
10.03.2021,,387,157,,,,1930,569,,3043,2317,726,,,,21906,17086,,,,23437,3925,,66354,45343,21011,,,,,,,
11.03.2021,,24,0,,,,0,0,,24,0,0,,,,21930,17086,,,,23437,3925,,66378,45367,21011,,,,,,,
12.03.2021,,257,150,,,,1934,578,,2919,2191,728,,,,22187,17236,,,,25371,4503,,69297,47558,21739,,,,,,,
13.03.2021,,0,18,,,,2024,475,,2517,2024,493,,,,22187,17254,,,,27395,4978,,71814,49582,22232,,,,,,,
14.03.2021,,0,23,,,,1967,499,,2489,1967,522,,,,22187,17277,,,,29362,5477,,74303,51549,22754,,,,,,,
15.03.2021,,454,0,,,,2171,509,,3134,2625,509,,,,22641,17277,,,,31533,5986,,77437,54174,23263,,,,,,,
16.03.2021,,0,20,,,,0,0,,20,0,0,,,,22641,17297,,,,31533,5986,,77457,54174,23283,,,,,,,
17.03.2021,,0,21,,,,514,643,,1178,514,664,,,,22641,17318,,,,32047,6629,,78635,54688,23947,,,,,,,
18.03.2021,,35,29,,,,0,0,,64,35,29,,,,22676,17326,,,,31533,5986,,78699,54209,23312,,,,,,,
19.03.2021,,1445,1695,,,,1711,559,,5410,3156,2254,,,,24121,19042,,,,33758,7188,,84109,57879,26230,,,,,,,
20.03.2021,,0,0,,,,1754,510,,2264,1754,510,,,,24121,19042,,,,35512,7698,,86373,59633,26740,,,,,,,
21.03.2021,,0,10,,,,1365,496,,1871,1365,506,,,,24121,19052,,,,36877,8194,,88244,60998,27264,,,,,,,
22.03.2021,,413,0,,,,1614,867,,2894,2027,867,,,,24534,19052,,,,38491,9061,,91138,63025,28113,,,,,,,
23.03.2021,,170,21,,,,815,0,,1006,985,21,,,,24704,19073,,,,39306,9061,,92144,64010,28134,,,,,,,
24.03.2021,,261,60,,,,1936,713,,2970,2197,773,,,,24965,19133,,,,41242,9774,,95114,66207,28907,,,,,,,
25.03.2021,,1876,2247,,,,0,0,,4123,1876,2247,,,,26918,21380,,,,41242,9774,,99314,68160,31154,,,,,,,
26.03.2021,,149,38,,,,1641,740,,2568,1790,778,,,,27067,21418,,,,42883,10514,,101882,69950,31932,,,,,,,
27.03.2021,,71,0,,,,1948,622,,2641,2019,622,,,,27138,21418,,,,44831,11136,,104523,71969,32554,,,,,,,
28.03.2021,,0,0,,,,1744,654,,2398,1744,654,,,,27138,21418,,,,46575,11790,,106921,73713,33208,,,,,,,
29.03.2021,,36,0,,,,1287,750,,2073,1323,750,,,,27174,21418,,,,47862,12540,,108994,75036,33958,,,,,,,
30.03.2021,,50,0,,,,0,0,,50,50,0,,,,27224,21418,,,,47862,12540,,109044,75086,33958,,,,,,,
31.03.2021,,69,194,,,,1982,614,,2859,2051,808,,,,27293,21612,,,,49844,13154,,111903,77137,34766,,,,,,,
01.04.2021,,56,0,,,,0,0,,56,0,0,,,,27349,21612,,,,49844,13154,,111959,77193,34766,,,,,,,
02.04.2021,,0,0,,,,572,1902,,2474,1902,572,,,,27349,21612,,,,51746,13726,,114433,79095,35338,,,,,,,
03.04.2021,,0,0,,,,1992,592,,2584,1992,592,,,,27349,21612,,,,53738,14318,,117017,81087,35930,,,,,,,
04.04.2021,,0,0,,,,2617,568,,3185,2617,568,,,,27349,21612,,,,56355,14886,,120202,83704,36498,,,,,,,
05.04.2021,,0,0,,,,2911,758,,3699,2911,758,,,,27349,21612,,,,59266,15644,,123871,86615,37256,,,,,,,
06.04.2021,,2,62,,,,3654,0,,3718,3656,62,,,,27351,21674,,,,62920,15644,,127589,90271,37318,,,,,,,
07.04.2021,,258,45,,,,3292,767,,4362,3550,812,,,,27609,21719,,,,66212,16411,,131951,93821,38130,,,,,,,
08.04.2021,,3,24,,,,3557,0,,3584,3560,24,,,,27612,21743,,,,69769,16411,,135535,97381,38154,,,,,,,
09.04.2021,,55,93,,,,3441,681,,4270,3496,774,,,,27667,21836,,,,73210,17092,,139805,100877,38928,,,,,,,
10.04.2021,,0,0,,,,2968,595,,3563,2968,595,,,,27667,21836,,,,76178,17687,,143368,103845,39523,,,,,,,
11.04.2021,,0,0,,,,2841,542,,3383,2841,542,,,,27667,21836,,,,79019,18229,,146751,106686,40065,,,,,,,
12.04.2021,,48,0,,,,2320,979,,3347,2368,979,,,,27715,21836,,,,81339,19208,,150098,109054,41044,,,,,,,
13.04.2021,,18,9,,,,0,0,,27,18,9,,,,27733,21845,,,,81339,19208,,150125,109072,41053,,,,,,,
14.04.2021,,335,26,,,,3145,1088,,4594,3480,1114,,,,28068,21871,,,,84484,20296,,154719,112552,42167,,,,,,,
15.04.2021,,86,35,,,,0,0,,121,86,35,,,,28154,21906,,,,84484,20296,,154840,112638,42202,,,,,,,
16.04.2021,,0,0,,,,3979,510,,4489,3979,510,,,,28154,21906,,,,88463,20806,,159329,116617,42712,,,,,,,
17.04.2021,,0,0,,,,3345,927,,4272,3345,927,,,,28154,21906,,,,91808,21733,,163601,119962,43639,,,,,,,
18.04.2021,,0,0,,,,3078,604,,3682,3078,604,,,,28154,21906,,,,94886,22337,,167283,123040,44243,,,,,,,
19.04.2021,,0,0,,,,1974,434,,2408,1974,434,,,,28154,21906,,,,96860,22771,,169691,125014,44677,,,,,,,
20.04.2021,,0,0,,,,0,0,,0,0,0,,,,28154,21906,,,,96860,22771,,169691,125014,44677,,,,,,,
21.04.2021,,158,4,,,,2472,676,,3310,2630,680,,,,28312,21910,,,,99332,23447,,173001,127644,45357,,,,,,,
22.04.2021,,0,0,,,,0,0,,0,0,0,,,,28312,21910,,,,99332,23447,,173001,127644,45357,,,,,,,
23.04.2021,,33,0,,,,2972,490,,3495,3005,490,,,,28345,21910,,,,102304,23937,,176496,130649,45847,,,,,,,
24.04.2021,,0,0,,,,2628,467,,3095,2628,467,,,,28345,21910,,,,104932,24404,,179591,133277,46314,,,,,,,
25.04.2021,,0,0,,,,2333,439,,2772,2333,439,,,,28345,21910,,,,107265,24843,,182363,135610,46753,,,,,,,
26.04.2021,,33,0,,,,2228,259,,2520,2261,259,,,,28378,21910,,,,109493,25102,,184883,137871,47012,,,,,,,
27.04.2021,,0,0,,,,0,0,,0,0,0,,,,28378,21910,,,,109493,25102,,184883,137871,47012,,,,,,,
28.04.2021,,11,6,,,,2927,267,,3211,2938,273,,,,28389,21916,,,,112410,25369,,188094,140809,47285,,,,,,,
29.04.2021,,0,0,,,,0,0,,0,0,0,,,,28389,21916,,,,112410,25369,,188094,140809,47285,,,,,,,
30.04.2021,,16,0,,,,3253,452,,3721,3269,452,,,,28405,21916,,,,115673,25821,,191815,144078,47737,,,,,,,
01.05.2021,,0,0,,,,3251,524,,3775,3251,524,,,,28405,21916,,,,118924,26345,,195590,147329,48261,,,,,,,
02.05.2021,,0,0,,,,2574,605,,3179,2574,605,,,,28405,21916,,,,121498,21916,,198769,149903,48866,,,,,,,
03.05.2021,,27,413,,,,2377,654,,3471,2404,654,,,,28432,22329,,,,123875,27604,,202240,152307,49933,,,,,,,
04.05.2021,,48,70,,,,0,0,,118,48,70,,,,28480,22399,,,,123875,27604,,202358,152355,50003,,,,,,,
05.05.2021,,223,319,,,,2277,1262,,4081,2500,1581,,,,28703,22718,,,,126152,28866,,206439,154855,51584,,,,,,,
06.05.2021,,192,0,,,,0,0,,192,192,0,,,,28895,22718,,,,126152,28866,,206631,155047,51584,,,,,,,
07.05.2021,,263,12,,,,2155,2152,,4582,2418,2164,,,,29158,22730,,,,128307,31018,,211213,157465,53748,,,,,,,
08.05.2021,,0,0,,,,2469,2155,,4624,2469,2155,,,,29158,22730,,,,130773,33176,,215837,159931,55906,,,,,,,
09.05.2021,,0,0,,,,2900,1402,,4302,2900,1402,,,,29158,22730,,,,133673,34578,,220139,162831,57308,,,56010,53872,2138,,
10.05.2021,,42,41,,,,1514,1299,,2896,1556,1340,,,,29200,22771,,,,135187,35877,,223035,164387,58648,,,59319,56914,2405,,
11.05.2021,,114,119,,,,0,0,,233,114,119,,,,29314,22890,,,,135187,35877,,223268,164501,58767,,,61956,59337,2619,,
12.05.2021,,90,53,,,,1659,1167,,2969,1749,1220,,,,29404,22943,,,,136846,37044,,226237,166250,59987,,,69634,65954,3680,,
13.05.2021,,38,0,,,,0,0,,38,0,0,,,,29442,22943,,,,136846,37044,,226275,166288,59987,,,69634,65954,3680,,
14.05.2021,,104,0,,,,1777,1185,,3066,1881,1185,,,,29546,22943,,,,138623,38229,,229341,168169,61172,,,69634,65954,3680,,
15.05.2021,,0,0,,,,1403,1349,,2752,1403,1349,,,,29546,22943,,,,140026,39578,,232093,169572,62521,,,69634,65954,3680,,
16.05.2021,,0,0,,,,1588,1117,,2705,1588,1117,,,,29546,22943,,,,141614,40695,,234798,171160,63638,,,69634,65954,3680,,
17.05.2021,,10,263,,,,2246,1195,,3714,2256,1458,,,,29556,23206,,,,143860,41890,,238512,173416,65096,,,78840,73877,4963,,
18.05.2021,,48,287,,,,0,0,,335,48,287,,,,29604,23493,,,,143860,41890,,238847,173464,65383,,,81077,75753,5324,,
19.05.2021,,42,295,,,,1354,1688,,3379,1396,1983,,,,29646,23788,,,,145214,43578,,242226,174860,67366,,,87116,79544,7572,,
20.05.2021,,47,58,,,,0,0,,105,47,58,,,,29693,23846,,,,145214,43578,,242331,174907,67424,,,91644,81977,9667,,
21.05.2021,,90,226,,,,1529,1534,,3379,1619,1760,,,,29783,24072,,,,146743,45112,,245710,176526,69184,,,95585,83960,11625,,
22.05.2021,,0,0,,,,1152,1389,,2541,1152,1389,,,,29783,24072,,,,147895,46501,,248251,177678,70573,,,95585,83960,11625,,
23.05.2021,,0,0,,,,1284,1472,,2756,1284,1472,,,,29783,24072,,,,149179,47973,,251007,178962,72045,,,95585,83960,11625,,
24.05.2021,,0,0,,,,1408,2028,,3436,1408,2028,,,,29783,24072,,,,150587,50001,,254443,180370,74073,,,95585,83960,11625,,
25.05.2021,,106,196,,,,0,0,,302,106,196,,,,29889,24268,,,,150587,50001,,254745,180476,74269,,,100458,87153,13305,,
26.05.2021,,47,191,,,,1387,2382,,4007,1434,2573,,,,29936,24459,,,,151974,52382,,258752,181910,76842,,,104527,89190,15337,,
27.05.2021,,56,6,,,,0,0,,62,56,6,,,,29992,24465,,,,151974,52383,,258814,181966,76848,,,109063,91159,17904,,
28.05.2021,,68,579,,,,1322,3298,,5267,1390,3877,,,,30060,25044,,,,153296,55681,,264081,183356,80725,,,115505,94909,20596,,
29.05.2021,,0,0,,,,1313,3096,,4409,1313,3096,,,,30060,25044,,,,154609,58777,,268490,184669,83821,,,115505,94909,20596,,
30.05.2021,,0,0,,,,1282,2802,,4084,1281,2802,,,,30060,25044,,,,155891,61579,,272574,185951,86623,,,115505,94909,20596,,
31.05.2021,,117,133,,,,241,3542,,4033,358,3675,,,,30177,25177,,,,156132,65121,,276607,186309,90298,,,121248,98304,22944,,
01.06.2021,,115,2,,,,0,0,,117,115,2,,,,30322,25179,,,,156132,65121,,276724,186424,90300,,,123754,99911,23843,,
02.06.2021,,48,327,,,,362,4063,,4800,410,4390,,,,30322,25179,,,,156132,65121,,276724,186424,90300,,,132638,105106,27532,,
03.06.2021,,90,61,,,,0,0,,151,90,61,,,,30460,25567,,,,156494,69184,,281705,186954,94751,,,132638,105106,27532,,
04.06.2021,,48,2,,,,361,4048,,4459,409,4050,,,,30508,25569,,,,156855,73232,,286164,187363,98801,,,139182,108853,30329,,
05.06.2021,,0,0,,,,541,3635,,4176,541,3635,,,,30508,25569,,,,157396,76867,,290340,187904,102436,,,139182,108853,30329,,
06.06.2021,,0,0,,,,83,4030,,4113,83,4030,,,,30508,25569,,,,157479,80897,,294453,187987,106466,,,139182,108853,30329,,
07.06.2021,,18,430,,,,196,4058,,4702,214,4488,,,,30526,25999,,,,157675,84955,,299155,188192,110963,,,144925,112411,32514,,
08.06.2021,,36,0,,,,0,0,,36,36,0,,,,30562,25999,,,,157675,84955,,299191,188228,110963,,,148325,114014,34311,,
09.06.2021,,84,313,,,,425,3935,,4757,509,4248,,,,30646,26312,,,,158100,88890,,303948,188746,115202,,,156750,117217,39533,,
10.06.2021,,191,90,,,,0,0,,281,191,90,,,,30837,26402,,,,158100,88890,,304229,188937,115292,,,163391,119614,43777,,
11.06.2021,,30,0,,,,144,3920,,4094,174,3920,,,,30867,26402,,,,158244,92810,,308323,189111,119212,,,168629,121717,46912,,
12.06.2021,,0,0,,,,104,3671,,3775,104,3671,,,,30867,26402,,,,158348,96481,,312098,189215,122883,,,168629,121717,46912,,
13.06.2021,,0,0,,,,130,3167,,3297,130,3167,,,,30867,26402,,,,158478,99648,,315395,189345,126050,,,168629,121717,46912,,
14.06.2021,,24,0,,,,115,2720,,2859,115,2720,,,,30867,26402,,,,158593,102368,,318230,189460,128770,,,175821,124928,50893,,
15.06.2021,,12,161,,,,0,0,,173,12,161,,,,30879,26563,,,,158593,102368,,318403,189472,128931,,,175821,124928,50893,,
16.06.2021,,60,207,,,,111,2662,,3040,171,2869,,,,30939,26770,,,,158704,105030,,321443,189643,131800,,,186087,129292,56795,,
17.06.2021,,191,0,,,,0,0,,191,191,0,,,,31130,26770,,,,158704,105030,,321634,189834,131800,,,192668,131791,60877,,
18.06.2021,,66,0,,,,85,2529,,2680,151,2529,,,,31196,26770,,,,158789,107559,,324314,189985,134329,,,197499,133880,63619,,
19.06.2021,,0,0,,,,315,3689,,4004,315,3689,,,,31196,26770,,,,159104,111248,,328318,190300,138018,,,197499,133880,63619,,
20.06.2021,,0,0,,,,69,3170,,3239,69,3170,,,,31196,26770,,,,159173,114418,,331557,190369,141188,,,197499,133880,63619,,
21.06.2021,,59,19,,,,44,1742,,1864,103,1761,,,,31255,26789,,,,159217,116160,,333421,190472,142949,,,204105,137245,66860,,
22.06.2021,,84,438,,,,0,0,,522,84,438,,,,31339,27227,,,,159217,116160,,333943,190556,143387,,,206626,138498,68128,,
23.06.2021,,54,19,,,,598,1747,,2418,652,1766,,,,31393,27246,,,,159815,117907,,336361,191208,145153,,,214412,141787,72625,,
24.06.2021,,30,0,,,,0,0,,30,0,0,,,,31423,27246,,,,159815,117907,,336391,191238,145153,,,220962,144423,76539,,
25.06.2021,,36,0,,,,1024,1370,,2430,1060,1370,,,,31459,27246,,,,160839,119277,,338821,192298,146523,,,226696,147910,78786,,
26.06.2021,,0,0,,,,516,1582,,2098,516,1582,,,,31459,27246,,,,161355,120859,,340919,192814,148105,,,226696,147910,78786,,
27.06.2021,,0,0,,,,678,2090,,2768,678,2090,,,,31459,27246,,,,162033,122949,,343687,193492,150195,,,226696,147910,78786,,
28.06.2021,,32,53,,,,1007,2948,,4040,1039,3001,,,,31491,27299,,,,163040,125897,,347727,194531,153196,,,231558,150452,81106,,
29.06.2021,,36,0,,,,0,3051,,3087,36,3051,,,,31527,27299,,,,163040,128948,,350814,194567,156247,,,234080,151858,82222,,
30.06.2021,,33,1,,,,1137,2476,,3647,1170,2477,,,,31560,27300,,,,164177,131424,,354461,195737,158724,,,240326,154936,85390,,
01.07.2021,,26,64,,,,12,2944,,3046,38,3008,,,,31586,27364,,,,164189,134368,,357507,195775,161732,,,245725,157909,87816,,
02.07.2021,,18,0,,,,1228,2539,,3785,1246,2539,,,,31604,27364,,,,165417,136907,,361292,197021,164271,,,252935,162203,90732,,
03.07.2021,,0,0,,,,1062,2217,,3279,1062,2217,,,,31604,27364,,,,166479,139124,,364571,198083,166488,,,252935,162203,90732,,
04.07.2021,,0,0,,,,1057,2371,,3428,1057,2371,,,,31604,27364,,,,167536,141495,,367999,199140,168859,,,252935,162203,90732,,
05.07.2021,,48,0,,,,2018,1360,,3426,2066,1360,,,,31652,27364,,,,169554,142855,,371425,201206,170219,,,257943,164566,93377,,
06.07.2021,,12,0,,,,0,0,,12,12,0,,,,31664,27364,,,,169554,142855,,371437,201218,170219,,,260664,165820,94844,,
07.07.2021,,24,0,,,,1802,1937,,3763,1826,1937,,,,31688,27364,,,,171356,144792,,375200,203044,172156,,,266574,168370,98204,,
08.07.2021,,24,0,,,,0,0,,24,24,0,,,,31712,27364,,,,171356,144792,,375224,203068,172156,,,269708,169765,99943,,
09.07.2021,,17,0,,,,2288,1390,,3695,2305,1390,,,,31729,27364,,,,173644,146182,,378919,205373,173546,,,274300,171339,102961,,
10.07.2021,,0,0,,,,2214,1607,,3821,2214,1607,,,,31729,27364,,,,175858,147789,,382740,207587,175153,,,274300,171339,102961,,
11.07.2021,,0,0,,,,2425,1307,,3732,2425,1307,,,,31729,27364,,,,178283,149096,,386472,210012,176460,,,274300,171339,102961,,
12.07.2021,,12,5,,,,3075,198,,3290,3087,203,,,,31741,27369,,,,181358,149294,,389762,213099,176663,,,277542,172448,105094,,
13.07.2021,,0,6,,,,0,0,,6,6,0,,,,31741,27375,,,,181358,149294,,389768,213099,176669,,,279663,173102,106561,,
14.07.2021,,320,1,,,,2767,431,,3519,3087,432,,,,32061,27376,,,,184125,149725,,393287,216186,177101,,,285399,174415,110984,,
15.07.2021,,11,308,,,,0,0,,319,11,308,,,,32072,27684,,,,184125,149725,,393606,216197,177409,,,290343,175439,114904,,
16.07.2021,,50,252,,,,1123,289,,1714,1173,541,,,,32122,27936,,,,185248,150014,,395320,217370,177950,,,293418,176318,117100,,
17.07.2021,,35,163,,,,912,194,,1304,947,357,,,,32157,28099,,,,186160,150208,,396624,218317,178307,,,293418,176318,117100,,
18.07.2021,,127,0,,,,1039,45,,1211,1073,138,,,,32284,28099,,,,187199,150253,,397835,219483,178352,,,293418,176318,117100,,
19.07.2021,,467,0,,,,325,244,,1036,792,244,,,,32751,28099,,,,187524,150497,,398871,220275,178596,,,297266,177210,120056,,
20.07.2021,,562,0,,,,0,0,,562,562,0,,,,33313,28099,,,,187524,150497,,399433,220837,178596,,,299489,177774,121715,,
21.07.2021,,498,4,,,,482,224,,1190,980,228,,,,33811,28103,,,,188006,150721,,400641,221817,178824,,,302933,178582,124351,,
22.07.2021,,479,0,,,,0,0,,479,479,0,,,,34290,28103,,,,188006,150721,,401120,222296,178824,,,302933,178582,124351,,
23.07.2021,,551,4,,,,487,207,,1249,1038,211,,,,34841,28107,,,,188493,150928,,402369,223334,179035,,,348975,218839,130136,,
24.07.2021,,187,0,,,,365,148,,700,552,148,,,,35028,28107,,,,188858,151076,,403069,223886,179183,,,348975,218839,130136,,
25.07.2021,,167,0,,,,461,102,,730,628,102,,,,35195,28107,,,,189319,151178,,403799,224514,179285,,,348975,218839,130136,,
26.07.2021,,447,0,,,,102,135,,684,549,135,,,,35642,28107,,,,189421,151313,,404483,225063,179420,,,311899,180565,131334,,
27.07.2021,,375,8,,,,0,0,,383,375,8,,,,36017,28115,,,,189421,151313,,404866,225438,179428,,,311899,180565,131334,,
28.07.2021,,479,0,,,,445,708,,1632,924,708,,,,36496,28115,,,,189866,152021,,406498,226362,180136,,,315663,181371,134292,,
29.07.2021,,404,7,,,,0,0,,411,404,7,,,,36900,28122,,,,189866,152021,,406909,226766,180143,,,315663,181371,134292,,
30.07.2021,,425,0,,,,533,451,,1409,958,451,,,,37325,28122,,,,190399,152472,,408318,227724,180594,,,321947,182545,139402,,
31.07.2021,,339,32,,,,0,0,,371,339,32,,,,37664,28154,,,,190399,152472,,408689,228063,180626,,,321947,182545,139402,,
01.08.2021,,194,101,,,,825,253,,1373,1019,354,,,,37858,28255,,,,191224,152725,,410062,229082,180980,,,321947,182545,139402,,
02.08.2021,,359,152,,,,426,397,,1334,785,549,,,,38217,28407,,,,191650,153122,,411396,229867,181529,,,324215,182985,141230,,
03.08.2021,,414,169,,,,0,0,,583,414,169,,,,38631,28576,,,,191650,153122,,411979,230281,181698,,,324215,182985,141230,,
04.08.2021,,352,171,,,,328,513,,1364,680,684,,,,38983,28747,,,,191978,153635,,413343,230961,182382,,,328466,183785,144681,,
05.08.2021,,318,152,,,,0,0,,470,318,152,,,,39301,28899,,,,191978,153635,,413813,231279,182534,,,328466,183785,144681,,
06.08.2021,,282,176,,,,458,1012,,1928,740,1188,,,,39583,29075,,,,192436,154647,,415741,232019,183722,,,333800,184693,149107,,
07.08.2021,,242,111,,,,260,916,,1529,502,1027,,,,39825,29186,,,,192696,155563,,417270,232521,184749,,,333800,184693,149107,,
08.08.2021,,198,127,,,,239,986,,1550,437,1113,,,,40023,29313,,,,192935,156549,,418820,232958,185862,,,333800,184693,149107,,
09.08.2021,,383,180,,,,136,2111,,2810,519,2291,,,,40406,29493,,,,193071,158660,,421630,233477,188153,,,335951,185271,150680,,
10.08.2021,,326,281,,,,0,0,,607,236,281,,,,40732,29774,,,,193071,158660,,422237,233803,188434,,,335951,185271,150680,,
11.08.2021,,494,300,,,,218,2061,,3073,712,2361,,,,41226,30074,,,,193289,160721,,425310,234515,190795,,,340045,186088,153957,,
12.08.2021,,430,343,,,,0,0,,773,430,343,,,,47656,30417,,,,193289,160721,,426083,234945,191138,,,340045,186088,153957,,
13.08.2021,,463,329,,,,339,1659,,2790,802,1988,,,,42119,30746,,,,193628,162380,,428873,235747,193126,,,345255,187076,158179,,
14.08.2021,,394,176,,,,225,1471,,2266,619,1647,,,,42513,30922,,,,193853,163851,,431139,236366,194773, ,,345255,187076,158179,,
15.08.2021,,289,133,,,,149,1506,,2077,438,1639,,,,42802,31055,,,,194002,165357,,433216,236804,196412,,,345255,187076,158179,,
16.08.2021,,520,401,,,,235,1447,,2603,755,1848,,,,43322,31456,,,,194237,166804,,435819,237559,198260,,,347462,187685,159777,,
17.08.2021,,521,379,,,,0,0,,900,521,379,,,,43843,31835,,,,194237,166804,,436719,238080,198639,,,347462,187685,159777,,
18.08.2021,,521,379,,,,398,1761,,3059,919,2140,,,,44364,32214,,,,194635,168565,,439778,238999,200779,,,352201,189035,163166,,
19.08.2021,,412,371,,,,0,0,,783,412,371,,,,44776,32585,,,,194635,168565,,440561,239411,201150,,,352201,189035,163166,,
20.08.2021,,443,620,,,,0,0,,1063,443,620,,,,45219,33205,,,,194635,168565,,441624,239854,201770,,,355700,190073,165627,,
21.08.2021,,395,322,,,,310,1670,,2697,705,1992,,,,45614,33527,,,,194945,170235,,444321,240559,203762,,,355700,190073,165627,,
22.08.2021,,330,203,,,,63,1778,,2374,393,1981,,,,45944,33730,,,,195008,172013,,446695,240952,205743,,,355700,190073,165627,,
23.08.2021,,522,323,,,,40,1215,,2100,562,1538,,,,46466,34053,,,,195048,173228,,448795,241514,207281,,,357779,190782,166997,,
24.08.2021,,479,250,,,,0,0,,729,479,250,,,,46978,34303,,,,195048,173228,,449524,241993,207531,,,357779,190782,166997,,
25.08.2021,,635,280,,,,53,1278,,2246,688,1558,,,,47580,34583,,,,195101,174506,,451770,242681,209089,,,361142,192213,168929,,
26.08.2021,,717,213,,,,0,0,,930,717,213,,,,48297,34796,,,,195101,174506,,452700,243398,209302,,,361142,192213,168929,,
27.08.2021,,666,248,,,,122,409,,1445,788,657,,,,48963,35044,,,,195223,174915,,454145,244186,209959,,,364183,193387,170796,,
28.08.2021,,317,186,,,,302,52,,857,619,238,,,,49280,35230,,,,195525,174967,,455002,244805,210197,,,364183,193387,170796,,
29.08.2021,,229,153,,,,162,364,,908,391,517,,,,49509,35383,,,,195687,175331,,455910,245196,210714,,,364183,193387,170796,,
30.08.2021,,676,326,,,,266,685,,1953,942,1011,,,,50185,35709,,,,195953,176016,,457863,246138,211725,,,365223,193860,171363,,
31.08.2021,,538,341,,,,0,0,,879,538,341,,,,50723,36050,,,,195953,176016,,458742,246676,212066,,,365223,193860,171363,,
01.09.2021,,563,332,,,,195,202,,1292,758,534,,, ,51286,36382,,,,196148,176218,,460034,247434,212600,,,367485,194931,172554,,
02.09.2021,,471,334,,,,0,0,,805,471,334,,,,51757,36716,,,,196148,176218,,460839,247905,212934,,,367485,194931,172554,,
03.09.2021,,627,332,,,,69,356,,1384,696,688,,,,52384,37048,,,,196217,176574,,462223,248601,213622,,,372413,197267,175146,,
04.09.2021,,244,308,,,,90,252,,894,334,560,,,,52628,37356,,,,196307,176826,,463117,248935,214182,,,372413,197267,175146,,
05.09.2021,,197,243,,,,88,232,,760,285,475,,,,52825,37599,,,,196395,177058,,463877,249220,214657,,,372413,197267,175146,,
06.09.2021,,286,375,8,,,73,175,,917,359,550,8,,,53111,37974,8,,,196468,177233,,464794,249579,215207,8,,373171,197627,175544,,
07.09.2021,,307,245,8,,,0,0,0,560,307,245,8,,,53418,38219,16,,,196468,177233,,465354,249886,215452,16,,373171,197627,175544,,
08.09.2021,,200,191,15,,,80,388,0,874,280,579,15,,,53618,38410,31,,,196548,177621,,466228,250166,216031,31,,375166,198427,176739,,
09.09.2021,,196,210,6,,,0,0,0,412,196,210,6,,,53814,38620,37,,,196548,177621,,466640,250362,216241,37,,375166,198427,176739,,
10.09.2021,,289,358,3,,,71,190,1,912,360,548,4,,,54103,38978,40,,,196619,177811,1,467552,250722,216789,41,,377584,199399,178185,,
11.09.2021,,308,207,3,,,111,204,0,833,419,411,3,,,54411,39185,43,,,196730,178015,1,468385,251141,217200,44,,377584,199399,178185,,
12.09.2021,,143,148,2,,,74,265,0,632,217,413,2,,,54554,39333,45,,,196804,178280,1,469017,251358,217613,46,,377584,199399,178185,,
13.09.2021,,246,301,18,,,182,326,0,1073,428,627,18,,,54800,39634,63,,,196986,178606,1,470090,251786,218240,64,,378391,199740,178651,,
14.09.2021,,233,287,15,,,0,0,0,535,233,287,15,,,55033,39921,78,,,196986,178606,1,470625,252019,218527,79,,378391,199740,178651,,
15.09.2021,,214,302,8,,,125,425,0,1074,339,727,8,,,55247,40223,86,,,197111,179031,1,471699,252358,219254,87,,380179,200387,179792,,
16.09.2021,,196,347,8,,,0,0,0,551,196,347,8,,,55443,40570,94,,,197111,179031,1,472250,252554,219601,95,,380179,200387,179792,,
17.09.2021,,213,447,7,,,190,172,0,1029,403,619,7,,,55656,41017,101,,,197301,179203,1,473279,252957,220220,102,,382543,201325,181218,,
18.09.2021,,244,367,4,,,0,0,0,615,244,367,4,,,55900,41384,105,,,197301,179203,1,473894,253201,220587,106,,382543,201325,181218,,
19.09.2021,,143,263,2,,,175,408,0,991,318,671,2,,,56043,41647,107,,,197476,179611,1,474885,253519,221258,108,,382543,201325,181218,,
20.09.2021,,186,427,9,,,187,195,0,1004,373,622,9,,,56229,42074,116,,,197663,179806,1,475889,253892,221880,117,,383256,201642,181614,,
21.09.2021,,276,517,9,,,0,0,0,802,276,517,9,,,56505,42591,125,,,197663,179806,1,476691,254168,222397,126,,383256,201642,181614,,
22.09.2021,,269,554,4,,,127,193,0,1147,396,747,4,,,56774,43145,129,,,197790,179999,1,477838,254564,223144,130,,385498,202478,183020,,
23.09.2021,,238,637,11,,,0,0,0,886,238,637,11,,,57012,43782,140,,,197790,179999,1,478724,254802,223781,141,,385498,202478,183020,,
24.09.2021,,257,885,11,,,175,100,0,1428,432,985,11,,,57269,44667,151,,,197965,180099,1,480152,255234,224766,152,,387005,203040,183965,,
25.09.2021,,192,322,9,,,43,221,0,787,235,543,9,,,57461,44989,160,,,198008,180320,1,480939,255469,225309,161,,387005,203040,183965,,
26.09.2021,,199,293,7,,,0,0,0,499,199,293,7,,,57660,45282,167,,,198008,180320,1,481438,255668,225602,168,,387005,203040,183965,,
27.09.2021,,246,299,4,,,187,231,9,976,433,530,13,,,57906,45581,171,,,198195,180551,10,482414,256101,226132,181,,387810,203391,184419,,
28.09.2021,,286,251,15,,,0,0,0,552,286,251,15,,,58192,45832,186,,,198195,180551,10,482966,256387,226383,196,,387810,203391,184419,,
29.09.2021,,183,309,7,,,165,209,0,873,348,518,7,,,58375,46141,193,,,198360,180760,10,483839,256735,226901,203,,387810,203391,184419,,
30.09.2021,,186,349,21,,,0,0,0,556,186,349,21,,,58561,46490,214,,,198360,180760,10,484395,256921,227250,224,,387810,203391,184419, ,
01.10.2021,,157,272,12,,,0,0,0,441,157,272,12,,,58718,46762,226,,,198360,180760,10,484836,257078,227522,236,,439161,218832,217097,3232,
02.10.2021,,,,,,,,,,,,,,,,,,,,,,,,,,,,,,,,,
03.10.2021,,,,,,,,,,,,,,,,,,,,,,,,,,,,,,,,,
04.10.2021,,250,355,7,,,0,0,0,612,250,355,7,,,58968,47117,233,,,198360,180760,10,485448,257328,227877,243,,448473,221440,222374,4659,
05.10.2021,,210,293,13,,,0,0,0,516,210,293,13,,,59178,47410,246,,,198360,180760,10,485964,257538,228170,256,,448473,221440,222374,4659,
06.10.2021,,157,257,10,,,0,0,0,424,157,257,10,,,59335,47667,256,,,198360,180760,10,486388,257695,228427,266,,448473,221440,222374,4659,
07.10.2021,,212,279,10,,,0,0,0,501,212,279,10,,,59547,47946,266,,,198360,180760,10,486889,257907,228706,276,,448473,221440,222374,4659,
08.10.2021,,203,341,20,,,0,0,0,564,203,341,20,,,59750,48287,286,,,198360,180760,10,487453,258110,229047,296,,448473,221440,222374,4659,
09.10.2021,,,,,,,,,,,,,,,,,,,,,,,,,,,,,,,,,
10.10.2021,,,,,,,,,,,,,,,,,,,,,,,,,,,,,,, ,,
11.10.2021,,359,463,13,,,0,0,0,835,359,463,13,,,60109,48750,299,,,198360,180760,10,488288,258469,229510,309,,456500,223484,226539,6477,
12.10.2021,,224,292,14,,,0,0,0,530,224,292,14,,,60333,49042,313,,,198360,180760,10,488818,258693,229802,323,,456500,223484,226539,6477,
13.10.2021,,235,309,30,,,0,0,0,574,235,309,30,,,60568,49351,343,,,198360,180760,10,489392,258928,230111,353,,456500,223484,226539,6477,
14.10.2021,,186,230,18,,,0,0,0,434,186,230,18,,,60754,49581,361,,,198360,180760,10,489826,259114,230341,371,,456500,223484,226539,6477,
15.10.2021,,254,334,31,,,0,0,0,619,254,334,31,,,61008,49915,392,,,198360,180760,10,490445,259368,230675,402,,456500,223484,226539,6477,
16.10.2021,,,,,,,,,,,,,,,,,,,,,,,,,,,,,,,,,
17.10.2021,,,,,,,,,,,,,,,,,,,,,,,,,,,,,,,,,
18.10.2021,,222,391,32,,,0,0,0,645,222,391,32,,,61230,50306,424,,,198360,18760,10,491090,259590,231066,434,,456500,223484,226539,6477,
19.10.2021,,292,293,24,,,0,0,0,609,292,293,24,,,61522,50599,484,,,198360,18760,10,491699,259882,231359,458,,456500,223484,226539,6477,
20.10.2021,,245,284,32,,,0,0,0,561,245,284,32,,,61475,50590,480,,,198360,18760,10,492260,260127,231643,490,,460646,224537,227806,8303,
21.10.2021,,224,197,14,,,0,0,0,435,224,197,14,,,61991,51080,494,,,198360,18760,10,492695,260351,231840,504,,460646,224537,227806,8303,
22.10.2021,,239,353,47,,,0,0,0,639,239,353,47,,,61230,51433,541,,,198360,18760,10,493334,260590,232193,551,,460646,224537,227806,8303,
23.10.2021,,,,,,,,,,,,,,,,,,,,,,,,,,,,,,, ,,
24.10.2021,,,,,,,,,,,,,,,,,,,,,,,,,,,,,,,,,
25.10.2021,,206,310,77,,,0,0,0,593,206,310,77,,,61436,51743,618,,,198360,18760,10,493927,260796,232503,628,,463673,224632,228509,10532,
26.10.2021,,165,238,72,,,0,0,0,475,165,238,72,,,62601,51981,690,,,198360,18760,10,494402,260961,232741,700,,463673,224632,228509,10532,
27.10.2021,,192,187,164,,,0,0,0,543,192,187,164,,,62793,52168,854,,,198360,18760,10,494945,261153,232928,864,,463673,224632,228509,10532,
28.10.2021,,166,195,160,,,0,0,0,521,166,195,160,,,62959,52363,1014,,,198360,18760,10,495466,261319,233123,1024,,463673,224632,228509,10532,
29.10.2021,,221,238,75,,,0,0,0,534,221,238,75,,,63180,52601,1089,,,198360,18760,10,496000,261540,233361,1099,,463673,224632,228509,10532,
30.10.2021,,,,,,,,,,,,,,,,,,,,,,,,,,,,,, ,,,
31.10.2021,,,,,,,,,,,,,,,,,,,,,,,,,,,,,,,,,
01.11.2021,,254,43,11,,,0,0,0,308,254,43,11,,,63434,52644,1100,,,198360,18760,10,496308,261794,233404,1110,,463673,224632,228509,10532,
02.11.2021,,196,290,202,,,0,0,0,688,196,290,202,,,63630,52934,1302,,,198360,18760,10,496996,261990,233694,1312,,472276,227050,231674,13552,
03.11.2021,,186,229,156,,,0,0,0,571,186,229,156,,,63816,53163,1458,,,198360,18760,10,497567,262176,233923,1468,,472276,227050,231674,13552,
04.11.2021,,211,199,203,,,0,0,0,613,211,199,203,,,64027,53362,1661,,,198360,18760,10,498180,262387,234122,1671,,472276,227050,231674,13552,
05.11.2021,,248,359,282,,,0,0,0,889,248,359,282,,,64275,53721,1943,,,198360,18760,10,499069,262635,234481,1953,,472276,227050,231674,13552,
06.11.2021,,,,,,,,,,,,,,,,,,,,,,,,,,,,,,,,,
07.11.2021,,,,,,,,,,,,,,,,,,,,,,,,,,,,,,,,,
08.11.2021,,292,230,474,,,0,0,0,996,292,230,474,,,64567,53951,2417,,,198360,18760,10,500065,262927,234711,2427,,477901,228167,232858,16876,
09.11.2021,,295,157,564,,,0,0,0,1016,295,157,564,,,64862,54108,2981,,,198360,18760,10,501081,263222,234868,2991,,477901,228167,232858,16876,
10.11.2021,,296,234,464,,,0,0,0,994,296,234,464,,,65158,54342,3445,,,198360,18760,10,502075,263518,235102,3455,,477901,228167,232858,16876,
11.11.2021,,222,276,595,,,0,0,0,1093,222,276,595,,,65380,54618,4040,,,198360,18760,10,503168,263740,235378,4050,,477901,228167,232858,16876,
12.11.2021,,288,332,674,,,0,0,0,1294,288,332,674,,,65668,54950,4714,,,198360,18760,10,504462,264028,235710,4724,,477901,228167,232858,16876, 
13.11.2021,,,,,,,,,,,,,,,,,,,,,,,,,,,,,,,,,
14.11.2021,,,,,,,,,,,,,,,,,,,,,,,,,,,,,,,,,
15.11.2021,,280,248,460,,,0,0,0,988,280,248,460,,,65948,55198,5174,,,198360,18760,10,505450,264308,235958,5184,,480602,230375,233941,21286,
16.11.2021,,374,319,674,,,0,0,0,1367,374,319,674,,,66322,55517,5848,,,198360,18760,10,506817,264682,236277,5858,,485602,230375,233941,21286,
17.11.2021,,241,337,909,,,0,0,0,1487,211,337,909,,,66563,55854,6757,,,198360,18760,10,508304,264923,236614,6767,,485602,230375,233941,21286,
18.11.2021,,256,240,1064,,,0,0,0,1560,256,240,1064,,,66819,56094,7821,,,198360,18760,10,509864,265179,236854,7831,,485602,230375,233941,21286,
19.11.2021,,364,354,1070,,,0,0,0,1788,364,354,1070,,,67183,56448,8891,,,198360,18760,10,511652,265543,237208,8901,,485602,230375,233941,21286,
20.11.2021,,,,,,,,,,,,,,,,,,,,,,,,,,,,, ,,,,
21.11.2021, ,,,,,,,,,,,,,,,,,,,,,,,,,,,,,,,,
22.11.2021,,527,310,1367,,,0,0,0,2204,527,310,1367,,,67710,56758,10258,,,198360,18760,10,513856,266070,237518,10268,,505389,237207,235970,32212,
23.11.2021,,410,260,1853,,,0,0,0,2523,410,260,1853,,,68120,57018,12111,,,198360,18760,10,516379,266480,237778,12121,,505389,237207,235970,32212,
24.11.2021,,898,378,1485,,,0,0,0,2761,898,378,1485,,,69018,57396,13596,,,198360,18760,10,519140,267378,238156,13606,,505389,237207,235970,32212,
25.11.2021,,1081,476,2359,,,0,0,0,3916,1081,476,2359,,,70099,57872,15955,,,198360,18760,10,523056,268459,238632,15965,,505389,237207,235970,32212,
26.11.2021,,754,366,1291,,,0,0,0,2411,754,366,1291,,,70853,58238,17246,,,198360,18760,10,525467,269213,238998,17256,,505389,237207,235970,32212,
27.11.2021,,525,251,1220,,,0,0,0,1996,525,251,1220,,,71378,58489,18466,,,198360,18760,10,527463,269738,239249,18476,,505389,237207,235970,32212,
28.11.2021,,,,,,,,,,,,,,,,,,,,,,,,,,,,,,,,,
29.11.2021,,523,328,1904,,,0,0,0,2755,523,328,1904,,,71901,58817,20370,,,198360,18760,10,530218,270261,239577,20380,,520508,236898,236612,46998,
30.11.2021,,503,254,1855,,,0,0,0,2612,503,254,1855,,,72404,59071,22225,,,198360,18760,10,532830,270764,239831,22235,,520508,236898,236612,46998,
01.12.2021,,396,292,1817,,,0,0,0,2505,396,292,1817,,,72800,59363,14042,,,198360,18760,10,535335,271160,240123,24052,,520508,236898,236612,46998,
02.12.2021,,705,359,2337,,,0,0,0,3401,705,359,2337,,,73505,59722,26379,,,198360,18760,10,538736,271865,240482,26389,,520508,236898,236612,46998,
03.12.2021,,354,327,1558,,,0,0,0,2239,354,327,1558,,,73859,60049,27937,,,198360,18760,10,540975,272219,240809,27947,,520508,236898,236612,46998,
04.12.2021,,275,193,842,,,0,0,0,1310,275,193,842,,,74134,60242,28779,,,198360,18760,10,542285,272494,241002,28789,,520508,236898,236612,46998,
05.12.2021,,,,,,,,,,,,,,,,,,,,,,,,,, ,,,,,,,
06.12.2021,,362,315,1696,,,0,0,0,2373,362,315,1696,,,74496,60557,30475,,,198360,18760,10,544658,272856,241317,30485,,567867,241446,240535,85886,
07.12.2021,,278,290,1478,,,0,0,0,2046,278,290,1478,,,74774,60847,31953,,,198360,18760,10,546704,273134,241607,31963,,567867,241446,240535,85886,
08.12.2021,,214,287,1488,,,0,0,0,1898,214,287,1488,,,74988,61134,33441,,,198360,18760,10,548693,273348,241894,33451,,567867,241446,240535,85886,
09.12.2021,,371,357,2006,,,0,0,0,2734,371,357,2006,,,75359,61491,35447,,,198360,18760,10,551427,273719,242251,35457,,567867,241446,240535,85886,
10.12.2021,,216,344,1623,,,0,0,0,2183,216,344,1623,,,75575,61835,37070,,,198360,18760,10,553610,273935,242595,37080,,567867,241446,240535,85886,
11.12.2021,,121,202,722,,,0,0,0,1045,121,202,722,,,75696,62037,37792,,,198360,18760,10,554655,274056,242797,37802,,567867,241446,240535,85886,
12.12.2021,,,,,,,,,,,,,,,,,,,,,,,,,,,,,,, ,,
13.12.2021,,184,355,1562,,,0,0,0,2101,184,355,1562,,,75880,62392,39354,,,198360,18760,10,556756,274240,243152,39364,,607287,242881,242477,121929,
14.12.2021,,168,418,1912,,,0,0,0,2498,168,418,1912,,,76048,62810,41266,,,198360,18760,10,559254,274408,243570,41276,,607287,242881,242477,121929,
15.12.2021,,165,461,2303,,,0,0,0,2929,165,461,2303,,,76213,63271,43569,,,198360,18760,10,562183,274573,244031,43579,,607287,242881,242477,121929,
16.12.2021,,331,574,2815,,,0,0,0,3720,331,574,2815,,,76544,63845,46384,,,198360,18760,10,565903,274904,244605,46394,,607287,242881,242477,121929,
17.12.2021,,416,524,1742,,,0,0,0,2682,416,524,1742,,,76960,64369,48126,,,198360,18760,10,568585,275320,245129,48136,,607287,242881,242477,121929,
18.12.2021,,387,330,1047,,,0,0,0,1764,387,330,1047,,,77347,64699,49173,,,198360,18760,10,570349,275707,245459,49183,,607287,242881,242477,121929,
19.12.2021,,,,,,,,,,,,,,,,,,,,,,,,,,,,,, ,,,
20.12.2021,,311,444,1973,,,0,0,0,2728,311,444,1973,,,77658,65143,51146,,,198360,18760,10,573077,276018,245903,51156,,607287,242881,242477,121929,
21.12.2021,,315,415,1753,,,0,0,0,2483,315,415,1753,,,77973,65558,52899,,,198360,18760,10,575560,276333,246318,52909,,656603,246501,244800,165302,
22.12.2021,,294,335,2079,,,0,0,0,2708,294,335,2079,,,78267,65893,54978,,,198360,18760,10,578268,276627,246653,54988,,656603,246501,244800,165302,
23.12.2021,,320,426,1653,,,0,0,0,2399,320,426,1653,,,78587,66319,56631,,,198360,18760,10,580667,276947,247079,56641,,656603,246501,244800,165302,
24.12.2021,,,,,,,,,,,,,,,,,,,,,,,,,,,,,,,,,
25.12.2021,,,,,,,,,,,,,,,,,,,,,,,,,,,,,,,,,
26.12.2021,,,,,,,,,,,,,,,,,,,,,,,,,,,,,,,,,
27.12.2021,,358,440,1895,,,0,0,0,2693,358,440,1895,,,78945,66759,58526,,,198360,18760,10,583360,277305,247519,58536,,674427,247696,245954,180777,
28.12.2021,,347,301,1497,,,0,0,0,2145,347,301,1497,,,79292,67060,60023,,,198360,18760,10,585505,277652,247820,60033,,674427,247696,245954,180777,
29.12.2021,,369,274,1364,,,0,0,0,2007,369,274,1364,,,79661,67336,61387,,,198360,18760,10,587512,278021,248094,61397,,674427,247696,245954,180777,
30.12.2021,,352,288,1190,,,0,0,0,1830,352,288,1190,,,80013,67622,62577,,,198360,18760,10,589342,278373,248382,62587,,674427,247696,245954,,
31.12.2021,,,,,,,,,,,,,,,,,,,,,,,,,,,,,,,,,
01.01.2022,,,,,,,,,,,,,,,,,,,,,,,,,,,,,,,,,
02.01.2022,,,,,,,,,,,,,,,,,,,,,,,,,,,,,,,,,
03.01.2022,,392,381,1495,,,0,0,0,2268,392,381,1495,,,80405,68003,64072,,,198360,18760,10,591610,278765,248763,64082,,692298,249345,248054,194899,
04.01.2022,,371,287,1190,,,0,0,0,1848,371,287,1190,,,80776,68290,65262,,,198360,18760,10,593458,279136,249050,65272,,692298,249345,248054,194899,
05.01.2022,,361,270,1079,,,0,0,0,1710,361,270,1079,,,81137,68560,66341,,,198360,18760,10,595168,279497,249320,66351,,692298,249345,248054,194899,
06.01.2022,,446,352,1549,,,0,0,0,2347,446,352,1549,,,81583,68912,67890,,,198360,18760,10,597515,279943,249672,67900,,692298,249345,248054,194899,
07.01.2022,,237,447,1363,,,0,0,0,2047,237,447,1363,,,81820,69359,69253,,,198360,18760,10,599562,280180,250119,69263,,692298,249345,248054,194899,
08.01.2022,,111,451,1106,,,0,0,0,1668,111,451,1106,,,81931,69810,70359,,,198360,18760,10,601230,280291,250570,70369,,692298,249345,248054,194899,
09.01.2022,,,,,,,,,,,,,,,,,,,,,,,,,,,,,,,,,
10.01.2022,,189,404,1528,,,0,0,0,2121,189,404,1528,,,82120,70214,71887,,,198360,18760,10,603351,280480,250974,71897,,712603,250563,250302,211738,
11.01.2022,,153,419,1440,,,0,0,0,2012,153,419,1440,,,82273,70633,73327,,,198360,18760,10,605363,280633,251393,73337,,712603,250563,250302,211738,
12.01.2022,,279,378,1302,,,0,0,0,1959,279,378,1302,,,82552,71011,74629,,,198360,18760,10,607322,280912,251771,74639,,712603,250563,250302,211738,
13.01.2022,,315,472,1884,,,0,0,0,2671,315,472,1884,,,82867,71483,76513,,,198360,18760,10,609993,281227,252243,76523,,712603,250563,250302,211738,
14.01.2022,,176,387,1589,,,0,0,0,2152,176,387,1589,,,83043,71870,78102,,,198360,18760,10,612145,281403,252630,78112,,712603,250563,250302,211738,
15.01.2022,,211,279,1269,,,0,0,0,1759,211,279,1269,,,83254,72149,79371,,,198360,18760,10,613904,281614,252909,79381,,712603,250563,250302,211738,
16.01.2022,,,,,,,,,,,,,,,,,,,,,,,,,,,,,,,,,
17.01.2022,,198,340,1360,,,0,0,0,1898,198,340,1360,,,83452,72489,80731,,,198360,18760,10,615802,281812,253249,80741,,739575,252767,254009,232799,
18.01.2022,,128,380,1220,,,0,0,0,1728,128,380,1220,,,83580,72869,81951,,,198360,18760,10,617530,281940,253629,81961,,739575,252767,254009,232799,
19.01.2022,,76,372,1012,,,0,0,0,1460,76,372,1012,,,83656,73241,82963,,,198360,18760,10,618990,282016,254001,82973,,739575,252767,254009,232799,
20.01.2022,,368,460,1097,,,0,0,0,1925,368,460,1097,,,84024,73701,84060,,,198360,18760,10,620915,282384,254461,84070,,739575,252767,254009,232799,
21.01.2022,,203,387,1027,,,0,0,0,1617,203,387,1027,,,84227,74088,85087,,,198360,18760,10,622532,282587,254848,85097,,739575,252767,254009,232799,
22.01.2022,,169,324,838,,,0,0,0,1331,169,324,838,,,84396,74412,85925,,,198360,18760,10,623863,282756,255172,85935,,739575,252767,254009,232799,
23.01.2022,,,,,,,,,,,,,,,,,,,,,,,,,,,,,,,,,
24.01.2022,,180,360,925,,,0,0,0,1465,180,360,925,,,84576,74772,86850,,,198360,18760,10,625328,282936,255532,86860,,747930,252979,253994,240957,
25.01.2022,,79,324,750,,,0,0,0,1153,79,324,750,,,84655,75096,87600,,,198360,18760,10,626481,283015,255856,87610,,747930,252979,253994,240957,
26.01.2022,,63,290,652,,,0,0,0,1005,63,290,652,,,84718,75386,88252,,,198360,18760,10,627486,283078,256146,88262,,747930,252979,253994,240957,
27.01.2022,,133,360,728,,,0,0,0,1221,133,360,728,,,84851,75746,88980,,,198360,18760,10,628707,283211,256506,88990,,747930,252979,253994,240957,
28.01.2022,,87,355,851,,,0,0,0,1293,87,355,851,,,84938,76101,89831,,,198360,18760,10,630000,283298,256861,89841,,747930,252979,253994,240957,
29.01.2022,,95,325,561,,,0,0,0,981,95,325,561,,,85033,76426,90392,,,198360,18760,10,630981,283393,257186,90402,,747930,252979,253994,240957,
30.01.2022,,,,,,,,,,,,,,,,,,,,,,,,,,,,,,,,,
31.01.2022,,61,215,536,,,0,0,0,812,61,215,536,,,85094,76641,90928,,,198360,18760,10,631793,283454,257401,90938,,774490,255275,258086,261129,
01.02.2022,,61,202,469,,,0,0,0,732,61,202,469,,,85155,76843,91397,,,198360,18760,10,632525,283515,257603,91407,,774490,255275,258086,261129,
02.02.2022,,93,141,458,,,0,0,0,692,93,141,458,,,85248,76984,91855,,,198360,18760,10,633217,283608,257744,91865,,774490,255275,258086,261129,
03.02.2022,,78,250,539,,,0,0,0,867,78,250,539,,,85326,77234,92394,,,198360,18760,10,634084,283686,257994,92404,,774490,255275,258086,261129,
04.02.2022,,66,223,551,,,0,0,0,840,66,223,551,,,85392,77457,92945,,,198360,18760,10,634924,283752,258217,92955,,774490,255275,258086,261129,
05.02.2022,,47,248,378,,,0,0,0,673,47,248,378,,,85439,77705,93323,,,198360,18760,10,635597,283799,258465,93333,,774490,255275,258086,261129,
06.02.2022,,,,,,,,,,,,,,,,,,,,,,,,,,,,,,,,,
07.02.2022,,48,162,515,,,0,0,0,725,48,162,515,,,85487,77867,93838,,,198360,18760,10,636322,283847,258627,93848,,783606,256030,259711,267865,
08.02.2022,,46,137,382,12,,0,0,0,577,46,137,382,12,,85533,78004,94220,30,,198360,18760,10,636917,283893,258764,94230,30,783606,256030,259711,267865,
09.02.2022,,38,117,369,11,,0,0,0,535,38,117,369,11,,85571,78121,94589,41,,198360,18760,10,637452,283931,258881,94599,41,783606,256030,259711,267865,
10.02.2022,,35,137,413,5,,0,0,0,590,35,137,413,5,,85606,78258,95002,45,,198360,18760,10,638042,283966,259018,95012,46,783606,256030,259711,267865,
11.02.2022,,40,145,393,15,,0,0,0,593,40,145,393,15,,85646,78403,95395,61,,198360,18760,10,638635,284006,259163,95405,61,783606,256030,259711,267865,
12.02.2022,,43,201,315,9,,0,0,0,568,43,201,315,9,,85689,78604,95710,70,,198360,18760,10,639203,284049,259364,95720,70,783606,256030,259711,267865,
13.02.2022,,,,,,,,,,,,,,,,,,,,,,,,,,,,,,,,,
14.02.2022,,26,119,348,9,,0,0,0,502,26,119,348,9,,85715,78723,96058,79,,198360,18760,10,639705,284075,259483,96068,79,790765,256535,261066,273164,
15.02.2022,,41,83,275,12,,0,0,0,411,41,83,275,12,,85756,78806,96333,91,,198360,18760,10,640116,284116,259566,96343,91,790765,256535,261066,273164,
16.02.2022,,26,65,241,11,,0,0,0,343,26,65,241,11,,85782,78871,96574,102,,198360,18760,10,640459,284142,259631,96584,102,790765,256535,261066,273164,
17.02.2022,,26,110,266,16,,0,0,0,418,26,110,266,16,,85808,78981,96840,118,,198360,18760,10,640877,284168,259741,96850,118,790765,256535,261066,273164,

